/*
Navicat MySQL Data Transfer

Source Server         : pts_server
Source Server Version : 50716
Source Host           : 192.168.2.21:3306
Source Database       : i_smarthosp_plus

Target Server Type    : MYSQL
Target Server Version : 50716
File Encoding         : 65001

Date: 2021-04-19 15:18:45
*/

SET FOREIGN_KEY_CHECKS=0;

-- ----------------------------
-- Table structure for degree
-- ----------------------------
DROP TABLE IF EXISTS `degree`;
CREATE TABLE `degree` (
  `degree_id` int(25) NOT NULL COMMENT 'รหัสวุฒิการศึกษา',
  `degree_name` varchar(255) CHARACTER SET utf8 COLLATE utf8_unicode_ci DEFAULT NULL COMMENT 'ชื้อวุฒิการศึกษา',
  `period_upgrade` int(25) DEFAULT NULL COMMENT 'ระยะเวลาเลื่อนระดับ',
  PRIMARY KEY (`degree_id`)
) ENGINE=InnoDB DEFAULT CHARSET=utf8;

-- ----------------------------
-- Records of degree
-- ----------------------------
INSERT INTO `degree` VALUES ('1', 'ประถมศึกษา', null);
INSERT INTO `degree` VALUES ('2', 'มัธยมศึกษาตอนต้น', null);
INSERT INTO `degree` VALUES ('3', 'มัธยมศึกษาตอนปลาย', null);
INSERT INTO `degree` VALUES ('4', 'ปวช.', null);
INSERT INTO `degree` VALUES ('5', 'ปวส.', null);
INSERT INTO `degree` VALUES ('6', 'อนุปริญญา', null);
INSERT INTO `degree` VALUES ('7', 'ปริญญาตรี', '6');
INSERT INTO `degree` VALUES ('8', 'ปริญญาโท', '4');
INSERT INTO `degree` VALUES ('9', 'ปริญญาเอก', '2');

-- ----------------------------
-- Table structure for dept
-- ----------------------------
DROP TABLE IF EXISTS `dept`;
CREATE TABLE `dept` (
  `dept_id` int(25) NOT NULL COMMENT 'รหัสแผนก',
  `dept_name` varchar(255) COLLATE utf8_unicode_ci NOT NULL COMMENT 'ชื่อแผนก',
  `leader_id` int(25) NOT NULL COMMENT 'รหัสหัวหน้าแผนก p_id จาก tb_person',
  `dept_doc_no` varchar(255) COLLATE utf8_unicode_ci DEFAULT NULL COMMENT 'เลขหนังสือหน่วยงานเช่น .303',
  PRIMARY KEY (`dept_id`)
) ENGINE=InnoDB DEFAULT CHARSET=utf8 COLLATE=utf8_unicode_ci;

-- ----------------------------
-- Records of dept
-- ----------------------------
INSERT INTO `dept` VALUES ('1', 'กลุ่มงานการแพทย์', '1', null);
INSERT INTO `dept` VALUES ('2', 'กลุ่มงานทันตกรรม', '2', '.302');
INSERT INTO `dept` VALUES ('3', 'กลุ่มงานเวชกรรมฟื้นฟู', '0', null);
INSERT INTO `dept` VALUES ('4', 'กลุ่มงานเทคนิคการแพทย์', '0', null);
INSERT INTO `dept` VALUES ('5', 'กลุ่มงานรังสีวิทยา', '0', null);
INSERT INTO `dept` VALUES ('6', 'กลุ่มงานโภชนศาสตร์', '0', null);
INSERT INTO `dept` VALUES ('7', 'งานบริการเภสัชกรรมผู้ป่วยนอก', '1', '.305');
INSERT INTO `dept` VALUES ('8', 'งานบริการเภสัชกรรมผู้ป่วยใน', '0', null);
INSERT INTO `dept` VALUES ('9', 'งานบริหารเวชภัณฑ์', '0', null);
INSERT INTO `dept` VALUES ('10', 'งานคุ้มครองผู้บริโภค', '0', null);
INSERT INTO `dept` VALUES ('11', 'งานให้คำปรึกษาด้านเภสัชกรรม', '0', null);
INSERT INTO `dept` VALUES ('12', 'งานประกันสุขภาพ', '0', null);
INSERT INTO `dept` VALUES ('13', 'งานเวชสถิติและงานข้อมูล', '0', null);
INSERT INTO `dept` VALUES ('14', 'งานเทคโนโลยีสารสนเทศและคอมพิวเตอร์', '0', null);
INSERT INTO `dept` VALUES ('15', 'งานแผนงานและยุทธศาสตร์เครือข่ายสุขภาพ', '0', null);
INSERT INTO `dept` VALUES ('16', 'งานสังคมสงเคราะห์', '0', null);
INSERT INTO `dept` VALUES ('17', 'งานการเงินและการบัญชี', '0', null);
INSERT INTO `dept` VALUES ('18', 'งานพัสดุ', '0', null);
INSERT INTO `dept` VALUES ('19', 'งานซ่อมบำรุง', '0', null);
INSERT INTO `dept` VALUES ('20', 'งานธุรการ', '0', null);
INSERT INTO `dept` VALUES ('21', 'งานยานพาหนะ', '0', null);
INSERT INTO `dept` VALUES ('22', 'งานรักษาความปลอดภัย', '0', null);
INSERT INTO `dept` VALUES ('23', 'งานประชาสัมพันธ์', '0', null);
INSERT INTO `dept` VALUES ('24', 'งานซักฟอก', '0', null);
INSERT INTO `dept` VALUES ('25', 'งานอาคารสถานที่', '0', null);
INSERT INTO `dept` VALUES ('26', 'งานการเจ้าหน้าที่', '0', null);
INSERT INTO `dept` VALUES ('27', 'งานเวชปฏิบัติครอบครัวและชุมชน', '0', null);
INSERT INTO `dept` VALUES ('28', 'งานการพยาบาลในชุมชน', '0', null);
INSERT INTO `dept` VALUES ('29', 'งานส่งเสริมสุขภาพทุกกลุ่มวัย', '0', null);
INSERT INTO `dept` VALUES ('30', 'งานป้องกันและควบคุมโรคและระบาดวิทยา', '0', null);
INSERT INTO `dept` VALUES ('31', 'งานอาชีวอนามัย', '0', null);
INSERT INTO `dept` VALUES ('32', 'งานสุขาภิบาลสิ่งแวดล้อมและศูนย์ความปลอดภัย', '0', null);
INSERT INTO `dept` VALUES ('33', 'งานพัฒนาระบบบริการปฐมภูมิและสนับสนุนเครือข่าย', '0', null);
INSERT INTO `dept` VALUES ('34', 'งานสุขภาพจิตและจิตเวช', '0', null);
INSERT INTO `dept` VALUES ('35', 'งานอนามัยโรงเรียน', '0', null);
INSERT INTO `dept` VALUES ('36', 'งานสุขภาพภาคประชาชน', '0', null);
INSERT INTO `dept` VALUES ('37', 'งานบำบัดยาเสพติด สุรา บุหรี่', '0', null);
INSERT INTO `dept` VALUES ('38', 'งานสุขศึกษาและพัฒนาพฤติกรรมสุขภาพ', '0', null);
INSERT INTO `dept` VALUES ('39', 'งานการพยาบาลผู้ป่วยนอก', '0', null);
INSERT INTO `dept` VALUES ('40', 'งานการพยาบาลผู้ป่วยอุบัติเหตุฉุกเฉินและนิติเวช', '0', null);
INSERT INTO `dept` VALUES ('41', 'งานการพยาบาลผู้ป่วยใน', '0', null);
INSERT INTO `dept` VALUES ('42', 'งานการพยาบาลผู้ป่วยหนัก', '0', null);
INSERT INTO `dept` VALUES ('43', 'งานการพยาบาลผู้ป่วยผ่าตัดและวิสัญญีพยาบาล', '0', null);
INSERT INTO `dept` VALUES ('44', 'งานควบคุมการติดเชื้อในโรงพยาบาล', '0', null);
INSERT INTO `dept` VALUES ('45', 'งานจ่ายกลาง', '0', null);
INSERT INTO `dept` VALUES ('46', 'งานศูนย์เครื่องมือแพทย์', '0', null);
INSERT INTO `dept` VALUES ('47', 'งานการพยาบาลผู้คลอด', '0', null);
INSERT INTO `dept` VALUES ('48', 'งานการพยาบาลทารกแรกเกิด', '0', null);
INSERT INTO `dept` VALUES ('49', 'กลุ่มงานแพทย์แผนไทยและการแพทย์ทางเลือก', '0', null);
INSERT INTO `dept` VALUES ('50', 'กลุ่มงานบริหารทั่วไป', '0', null);

-- ----------------------------
-- Table structure for hist_list
-- ----------------------------
DROP TABLE IF EXISTS `hist_list`;
CREATE TABLE `hist_list` (
  `hist_list_id` int(25) NOT NULL COMMENT 'รหัสรายการบันทึกประวัติ',
  `hist_list_name` varchar(255) DEFAULT NULL COMMENT 'รายการบันทึกประวัติ',
  PRIMARY KEY (`hist_list_id`)
) ENGINE=InnoDB DEFAULT CHARSET=utf8;

-- ----------------------------
-- Records of hist_list
-- ----------------------------
INSERT INTO `hist_list` VALUES ('1', 'การบรรจุผู้สอบแข่งขันได้ (มาตรา ๕๓) ');
INSERT INTO `hist_list` VALUES ('2', 'การพ้นทดลองปฏิบัติหน้าที่ราชการ');
INSERT INTO `hist_list` VALUES ('3', 'การย้าย (มาตรา ๖๓ วรรคหนึ่ง วรรคสาม) ');
INSERT INTO `hist_list` VALUES ('4', 'การเลื่อนตําแหน่ง (มาตรา ๖๓ มาตรา ๖๔) ');
INSERT INTO `hist_list` VALUES ('5', 'การโอน (มาตรา ๖๓ มาตรา ๖๔) ');
INSERT INTO `hist_list` VALUES ('6', 'การบรรจุกลับ (มาตรา ๖๓ วรรค ๔ และมาตรา ๖๕) ');
INSERT INTO `hist_list` VALUES ('7', 'การแต่งตั้งผู้ขาดคุณสมบัติเฉพาะสําหรับตําแหน่ง (มาตรา ๖๖) ');
INSERT INTO `hist_list` VALUES ('8', 'การยกเว้นคุณสมบัติ (มาตรา ๖๒) ');
INSERT INTO `hist_list` VALUES ('9', 'การรักษาราชการแทน การรักษาการในตําแหน่ง (มาตรา ๖๘) ');
INSERT INTO `hist_list` VALUES ('10', 'การประจําส่วนราชการ (มาตรา ๖๙) ');
INSERT INTO `hist_list` VALUES ('11', 'การเลื่อนเงินเดือน');
INSERT INTO `hist_list` VALUES ('12', 'การลา');
INSERT INTO `hist_list` VALUES ('13', 'การพักราชการ การให้ออกจากราชการไว้ก่อน');
INSERT INTO `hist_list` VALUES ('14', 'การพ้นจากราชการ (มาตรา ๑๐๙) ');
INSERT INTO `hist_list` VALUES ('15', 'การให้รับราชการต่อไป (มาตรา ๑๐๘) ');
INSERT INTO `hist_list` VALUES ('16', 'การแก้ไขคําสั่ง');

-- ----------------------------
-- Table structure for i_education
-- ----------------------------
DROP TABLE IF EXISTS `i_education`;
CREATE TABLE `i_education` (
  `edu_id` int(25) NOT NULL COMMENT 'รหัสประวัติการศึกษา',
  `pid` int(25) DEFAULT NULL,
  `cid` varchar(13) DEFAULT '',
  `date` date DEFAULT NULL COMMENT 'ช่วงเวลาที่ศึกษา',
  `degree_id` int(25) DEFAULT NULL COMMENT 'รหัสวุฒิการศึกษา',
  `major` varchar(255) DEFAULT NULL COMMENT 'วิชาเอกที่ศึกษา',
  `college` varchar(255) DEFAULT NULL,
  `approve_date` date DEFAULT NULL COMMENT 'วันที่อนุมัติจบการศึกษา',
  `certificate_image` longblob COMMENT 'ใบประกาศนียบัตร',
  PRIMARY KEY (`edu_id`)
) ENGINE=InnoDB DEFAULT CHARSET=utf8;

-- ----------------------------
-- Records of i_education
-- ----------------------------

-- ----------------------------
-- Table structure for i_history
-- ----------------------------
DROP TABLE IF EXISTS `i_history`;
CREATE TABLE `i_history` (
  `history_id` int(25) NOT NULL,
  `pid` int(25) DEFAULT NULL,
  `cid` varchar(13) COLLATE utf8_unicode_ci DEFAULT NULL,
  `history_date` datetime DEFAULT NULL,
  `hist_list_id` int(25) DEFAULT NULL,
  `position_id` int(25) DEFAULT NULL,
  `pos_level_id` int(25) DEFAULT NULL,
  `saraly` double(15,2) DEFAULT NULL,
  `ref_doc` varchar(255) COLLATE utf8_unicode_ci DEFAULT NULL COMMENT 'เลขที่หนังสือคำสั่งอ้างอิง',
  `rec_pid` int(25) DEFAULT NULL COMMENT 'ผู้บันทึก',
  `certificate_doc` mediumblob COMMENT 'หนังสือคำสั่ง',
  PRIMARY KEY (`history_id`)
) ENGINE=InnoDB DEFAULT CHARSET=utf8 COLLATE=utf8_unicode_ci;

-- ----------------------------
-- Records of i_history
-- ----------------------------

-- ----------------------------
-- Table structure for i_leave
-- ----------------------------
DROP TABLE IF EXISTS `i_leave`;
CREATE TABLE `i_leave` (
  `leave_id` int(25) NOT NULL AUTO_INCREMENT,
  `pid` int(50) NOT NULL COMMENT 'เลขบุคคล',
  `cid` varchar(13) DEFAULT NULL,
  `leave_year` varchar(10) CHARACTER SET utf8 COLLATE utf8_unicode_ci DEFAULT '',
  `leave_cause` varchar(255) DEFAULT '',
  `start_date` date DEFAULT NULL,
  `end_date` date DEFAULT NULL,
  `leave_sum_day` decimal(10,2) DEFAULT '0.00' COMMENT 'จำนวนวีนลา',
  `is_half_day` int(1) DEFAULT '0' COMMENT 'half day',
  `leave_info` varchar(255) CHARACTER SET utf8 COLLATE utf8_unicode_ci DEFAULT NULL COMMENT 'ข้อมูลติดต่อได้',
  `d_create` date DEFAULT NULL,
  `d_update` date DEFAULT NULL,
  `leave_type_id` int(25) NOT NULL COMMENT 'ประเภทการลา',
  `leave_status_id` int(1) DEFAULT '1' COMMENT 'look(l_status)',
  `info_phone` varchar(50) CHARACTER SET utf8 COLLATE utf8_unicode_ci DEFAULT '' COMMENT 'เบอร์ติดต่อ',
  `leave_delegate_id` int(100) DEFAULT NULL COMMENT 'ผู้รับมอบงาน',
  `delegate_phone` varchar(255) DEFAULT NULL COMMENT 'ดึงข้อมูลมาจาก person',
  `non_accept_comment` varchar(200) CHARACTER SET utf8 COLLATE utf8_unicode_ci DEFAULT NULL COMMENT 'เหตุผลที่ไม่อนุญาต',
  `non_allow_comment` varchar(200) CHARACTER SET utf8 COLLATE utf8_unicode_ci DEFAULT NULL,
  `leave_comm_pid` int(150) DEFAULT NULL COMMENT 'หน.งาน',
  `leave_comm_date` datetime DEFAULT NULL COMMENT 'วันที่หัวหน้าเห็นชอบ',
  `leave_accept_by` varchar(150) CHARACTER SET utf8 COLLATE utf8_unicode_ci DEFAULT '' COMMENT 'ชื่อผู้อำนวยการ (org)',
  `leave_accept_date` datetime DEFAULT NULL COMMENT 'วันที่อนุมัติ',
  `leave_cancel_comment` varchar(200) CHARACTER SET utf8 COLLATE utf8_unicode_ci DEFAULT '' COMMENT 'เหตุผลขอยกเลิกของเจ้าตัว',
  `leave_cancel_date` datetime DEFAULT NULL COMMENT 'วันที่อนุมัติยกเลิก',
  `confirm_check_pid` int(200) DEFAULT NULL COMMENT 'เจ้าหน้าที่งานการเจ้าหน้าที่',
  `last_leave_total` int(11) DEFAULT NULL COMMENT 'รวมวันลาก่อนหน้า',
  `now_leave_total` int(11) DEFAULT NULL COMMENT 'รวมวันลาจนถึงครั้งนี้',
  PRIMARY KEY (`leave_id`)
) ENGINE=MyISAM AUTO_INCREMENT=2 DEFAULT CHARSET=tis620;

-- ----------------------------
-- Records of i_leave
-- ----------------------------
INSERT INTO `i_leave` VALUES ('1', '1', null, '2564', 'ปวดหัวรุนแรง', '2021-01-24', '2021-01-24', '1.00', '0', '259 ม.9 ต.ท่าตูม อ.ท่าตูม จ.สุรินทร์', '2021-01-24', '2021-01-24', '1', '1', '0902725656', null, '0529899', null, null, null, null, '', null, '', null, null, null, null);

-- ----------------------------
-- Table structure for leave_period
-- ----------------------------
DROP TABLE IF EXISTS `leave_period`;
CREATE TABLE `leave_period` (
  `period_id` int(25) NOT NULL,
  `period_name` varchar(255) DEFAULT NULL,
  PRIMARY KEY (`period_id`)
) ENGINE=MyISAM DEFAULT CHARSET=utf8;

-- ----------------------------
-- Records of leave_period
-- ----------------------------
INSERT INTO `leave_period` VALUES ('1', 'เติมวัน');
INSERT INTO `leave_period` VALUES ('2', 'ครึ่งวัน(เช้า)');
INSERT INTO `leave_period` VALUES ('3', 'ครึ่งวัน(บ่าย)');

-- ----------------------------
-- Table structure for leave_status
-- ----------------------------
DROP TABLE IF EXISTS `leave_status`;
CREATE TABLE `leave_status` (
  `leave_status_id` int(25) NOT NULL,
  `leave_status_name` varchar(255) DEFAULT NULL,
  PRIMARY KEY (`leave_status_id`)
) ENGINE=InnoDB DEFAULT CHARSET=utf8;

-- ----------------------------
-- Records of leave_status
-- ----------------------------
INSERT INTO `leave_status` VALUES ('1', 'รอดำเนินการ');
INSERT INTO `leave_status` VALUES ('2', 'เห็นชอบแล้ว');
INSERT INTO `leave_status` VALUES ('3', 'อนุมัติแล้ว');
INSERT INTO `leave_status` VALUES ('4', 'ไม่อนุมัติ');
INSERT INTO `leave_status` VALUES ('5', 'ยกเลิกวันลา');

-- ----------------------------
-- Table structure for leave_type
-- ----------------------------
DROP TABLE IF EXISTS `leave_type`;
CREATE TABLE `leave_type` (
  `leave_type_id` int(25) NOT NULL,
  `leave_type_name` varchar(255) CHARACTER SET utf8 COLLATE utf8_unicode_ci DEFAULT NULL,
  `before_day` int(25) DEFAULT NULL COMMENT 'ต้องลาก่อนกี่วัน',
  `leave_type_limited` int(25) DEFAULT NULL COMMENT 'จำนวนวันที่สามารถลาได้',
  PRIMARY KEY (`leave_type_id`)
) ENGINE=MyISAM DEFAULT CHARSET=utf8;

-- ----------------------------
-- Records of leave_type
-- ----------------------------
INSERT INTO `leave_type` VALUES ('1', 'ลาป่วย', null, '60');
INSERT INTO `leave_type` VALUES ('2', 'ลาคลอดบุตร', null, '90');
INSERT INTO `leave_type` VALUES ('3', 'ลากิจ', '3', '45');
INSERT INTO `leave_type` VALUES ('4', 'ลาพักผ่อน', '7', '30');
INSERT INTO `leave_type` VALUES ('5', 'ลาอุปสมบทหรือลาไปประกอบพิธีฮัจย์', null, '120');
INSERT INTO `leave_type` VALUES ('6', 'ลาไปช่วยภริยาที่คลอดบุตร', null, '15');
INSERT INTO `leave_type` VALUES ('7', 'ลาเข้ารับการคัดเลือกหรือเข้ารับการเตรียมพล', null, null);
INSERT INTO `leave_type` VALUES ('8', 'ลาไปศึกษา ฝึกอบรม ดูงาน หรือปฏิบัติการวิจัย', null, null);
INSERT INTO `leave_type` VALUES ('9', 'ลาไปปฏิบัติงานในองค์การระหว่างประเทศ', null, null);
INSERT INTO `leave_type` VALUES ('10', 'ลาติดตามคู่สมรส', null, '730');
INSERT INTO `leave_type` VALUES ('11', 'ลาไปฟื้นฟูสมรรถภาพด้านอาชีพ', null, '365');
INSERT INTO `leave_type` VALUES ('12', 'ลาออก', null, null);

-- ----------------------------
-- Table structure for org
-- ----------------------------
DROP TABLE IF EXISTS `org`;
CREATE TABLE `org` (
  `org_id` int(25) NOT NULL AUTO_INCREMENT COMMENT 'รหัสองค์กร',
  `org_name` varchar(255) COLLATE utf8_unicode_ci NOT NULL COMMENT 'ชื่อองค์กร',
  `org_depart` varchar(255) COLLATE utf8_unicode_ci DEFAULT NULL COMMENT 'ต้นสังกัดระดับกรม (สำนักงานสาธารณสุข)',
  `org_ministry` varchar(255) COLLATE utf8_unicode_ci DEFAULT NULL COMMENT 'ต้นสังกัดระดับกระทรวง (กระทรวงสาธารณสุข)',
  `org_director` varchar(255) COLLATE utf8_unicode_ci DEFAULT NULL COMMENT 'ผู้นำองค์กร',
  `manage_director` varchar(255) COLLATE utf8_unicode_ci DEFAULT NULL COMMENT 'หน.บริหาร',
  `address` varchar(250) COLLATE utf8_unicode_ci NOT NULL COMMENT 'สถานที่ตั้งองค์กร',
  `provine` varchar(255) COLLATE utf8_unicode_ci DEFAULT NULL COMMENT 'จังหวัด',
  `phone` varchar(25) COLLATE utf8_unicode_ci NOT NULL COMMENT 'เบอร์โทรศัพท์',
  `tax_number` varchar(25) COLLATE utf8_unicode_ci NOT NULL COMMENT 'หมายเลขผู้เสียภาษี',
  `org_doc_no` varchar(25) COLLATE utf8_unicode_ci DEFAULT NULL COMMENT 'เลขที่หนังสือราชการของหน่วยงาน ',
  `logo` longblob COMMENT 'โลโก้องค์กร',
  PRIMARY KEY (`org_id`)
) ENGINE=InnoDB AUTO_INCREMENT=2 DEFAULT CHARSET=utf8 COLLATE=utf8_unicode_ci COMMENT='ตารางข้อมูลองค์กร';

-- ----------------------------
-- Records of org
-- ----------------------------
INSERT INTO `org` VALUES ('1', 'โรงพยาบาลท่าตูม', 'สำนักงานสาธารณสุขจังหวัดสุรินทร์', 'กระทรวงสาธารณสุข', 'นายประเสริฐ อาปัจชิง', 'นายพรมมา  หงษ์แปลง', 'ตำบลท่าตูม อำเภอท่าตูม รัสไปรษณีย์ 55632', 'สุรินทร์', '0447896523', '1234567891', 'สร.0032', null);

-- ----------------------------
-- Table structure for person
-- ----------------------------
DROP TABLE IF EXISTS `person`;
CREATE TABLE `person` (
  `pid` int(25) NOT NULL,
  `cid` varchar(13) COLLATE utf8_unicode_ci NOT NULL DEFAULT '',
  `sex` varchar(10) COLLATE utf8_unicode_ci DEFAULT NULL COMMENT 'lookup(gender)',
  `pname` varchar(30) COLLATE utf8_unicode_ci DEFAULT NULL COMMENT 'lookup (pname)',
  `fname` varchar(150) COLLATE utf8_unicode_ci DEFAULT NULL,
  `lname` varchar(150) COLLATE utf8_unicode_ci DEFAULT NULL,
  `full_name` varchar(200) COLLATE utf8_unicode_ci DEFAULT NULL,
  `nick_name` varchar(100) COLLATE utf8_unicode_ci DEFAULT NULL,
  `height` int(11) DEFAULT NULL,
  `weight` double(5,2) DEFAULT NULL,
  `mobile_phone` varchar(100) COLLATE utf8_unicode_ci DEFAULT NULL,
  `home_phone` varchar(100) COLLATE utf8_unicode_ci DEFAULT NULL,
  `email` varchar(150) COLLATE utf8_unicode_ci DEFAULT NULL,
  `birthdate` date DEFAULT NULL,
  `info_address` varchar(200) COLLATE utf8_unicode_ci DEFAULT NULL COMMENT 'ที่อยู่ที่ติดต่อได้',
  `marrystatus` int(1) DEFAULT NULL COMMENT 'lookup(marry_status)',
  `pos_id` int(11) DEFAULT NULL COMMENT 'lookup(position)',
  `pos_level_id` int(11) DEFAULT NULL COMMENT 'lookup(position_level)',
  `pos_group_id` int(11) DEFAULT NULL COMMENT 'lookup(position_group)',
  `pos_type_id` int(25) DEFAULT NULL COMMENT 'ประเภทบุคคลากร (ข้าราชการ,ลูกจ้างชั่วคราว)',
  `pos_group_serv_id` int(25) DEFAULT NULL,
  `pos_no` varchar(100) COLLATE utf8_unicode_ci DEFAULT NULL COMMENT 'เลขประจำตำแหน่ง',
  `dept_id` int(11) DEFAULT NULL COMMENT 'lookup(dept)',
  `ent_date` date DEFAULT NULL COMMENT 'วันที่บรรจุ',
  `ent_work_date` date DEFAULT NULL COMMENT 'วันที่เข้าทำงาน',
  `exp_work_date` date DEFAULT NULL COMMENT 'วันเกษียณอายุราชการ',
  `salary` decimal(10,2) DEFAULT NULL COMMENT 'เงินเดือน',
  `total_vac` int(11) DEFAULT NULL COMMENT 'วันลาพักผ่อนสะสม',
  `image` mediumblob COMMENT 'ภาพ',
  `signature` mediumblob COMMENT 'ลายเซ้นต์',
  `permis_level_id` int(11) DEFAULT NULL COMMENT 'ระดับสิทธิ์เข้าใช้งาน',
  `line_token` varchar(255) COLLATE utf8_unicode_ci DEFAULT NULL,
  `active` int(11) DEFAULT '1' COMMENT '1,0',
  PRIMARY KEY (`pid`,`cid`)
) ENGINE=InnoDB DEFAULT CHARSET=utf8 COLLATE=utf8_unicode_ci;

-- ----------------------------
-- Records of person
-- ----------------------------
INSERT INTO `person` VALUES ('1', '3320200524765', 'ชาย', 'นาย', 'ประเสริฐ', 'อาปัจชิง', 'ประเสริฐ อาปัจชิง1', 'หมอหวาน', '180', '88.00', '0902725656', '044596126', 'ps_s@gmail.com', '1967-10-19', '259 ม.9 ต.ท่าตูม อ.ท่าตูม จ.สุรินทร์', null, '3', '6', null, null, null, '8956', '7', '1995-01-28', '2015-03-29', '2028-09-30', '56000.00', '10', 0x89504E470D0A1A0A0000000D494844520000008D0000008D08060000008A5EF9A5000000017352474200AECE1CE90000000467414D410000B18F0BFC6105000000097048597300000EC300000EC301C76FA86400004E814944415478DAEDBD079C5D65993FFE9C736E2F73EF9D3E93C94C12D2434825242121868894D04402285610DC75155D7B59971FBA2A96B5A1AE80B288B2AE808A8080342921D212208424A42793E9E5F67ECAFF79DE72CE9981DF7E360AB993FF2F2F8E99B9F59CF37ECFF37C9FAEC0F1757C1DE1526A7D00C7D7B1B7FE7F099A2BCE3F3FBAB7A767525D2CE8AB56AA100B073253BA662503C964F1BA3BEFACD4FAF88EF575CC82E6EAABAFF61E3A742868A47B033EAD2EE2096B66532410AE94AA3353D9ECC9A94C764EA96204AB5583CE725855A10FDF365C57D7F87CFBA4C48E5F5FF3852165ED5ABDD6E7712CAE631234E7AF5D392B5FAA9C6A54AB331430E39AA236AAAAC7B22CBDCE34F4790A581DA57205F2851294750374C3000BDFE7D13CE0F1F9B735D4D56D6CACF3BF140BAADB3AEAE3AF5C77FB83995A9FD3B1B48E19D05C7DEEB98D79BDD0ACAB56BC90CE7FAA582EAD4394C42DD38472B50A5E8F067A558762A90C15BD0AAAA6B1D3D3751D2AF838018796A52810098520E4F716827EEDA5BA48F0C18573A73C74FACA452FAFFDD075A55A9FE7B1B0263C68AEBFFAEAD88B7B5E5D89C058A780B218A5486B55D7E798A605559422049822F216CB32F06414FC5B873C02075FC39E3748CA58262056F047613F16BE4EC57F033E0F2422A1CAC2599DDB63B1E83766CDE8FCD347AEBBA950EB739EE86BC28206D589F2890D1B26F78F0E5E99CDA62ED1F5CA6C15F03F242779543DA5AA09A678AD61E80C24BA61328952C1DF4B24711050063E8612091854F0BD04169242F418FD84033E9831A901C291D016CDEBFF6520107B229A0856F480B7EFD65BEF4E23C8AC5A5F8B89B6262C68FEE19DEF6C3E3470E06BC57CF903AA62FA0B08827CB1CC8092C3DFCB8CE0AAC85354F0AA0A6E7E80499D52A582C0417E8B6A4B43806878862A3B51FC0F5F67E2E38402832415810C81E34789130EFA21E0F78FC4EAEA7627E2B11D86C7BA25905336DFF5CC33C55A5F8B89B6262468BEF08FFF98D8BBEBD50D03FDBDDF47C9113270A34B151D7228614872006EB88A00F07BBD10C1CD8EF87C60544B50A994F17140CEE2877838CCFE45CE023EE43B0C29F84394180934E33AE97C110E0D8CC248AE0CA345FC6C7C4910C1178D44BA3D5EF52F415FE07791B0B6F1A167B68FD6FA9A4CA435E140F3E9F7BE37BCBB7BF725A57CFE2BC552A9AB5CA9AA855205558EC1548B07C1E2C5A366AAC5EB81B6BA2074C411185E0B1AEAEBA0B9B5091A5B9AA1BEA11122912884A35154472A54CB684915F380BF8281E0D2F1EF742A05FBF777C3BE8383F06AF708BCD29384A14205A54E00E231025DE8C9902FF8AF8FBFB4ED895A5F9789B4261C68DEB7FEF40DA9D1E41752E9F4E22CAA215D371840484A78F06843A86F7C0A491A0D262158164C4EC009539AA0B5A30D9A3A3A20D63209FCB146D0021150B400281E1F3B4BA352846A3E0946290F865E62C0318A3928A48761E8500F1CEA1E84875F3A044FBED60FA3251D258E17DA9B1AD2E150F89A275F7AF5B65A5F9789B4261468FEE1F28B670DF61CFA5AB150D890C9E6193FA9EA48784D83F112024CA34F85A8DF0311BF17664EAE87C5F3BBA065EA64A843B004E2EDE009D783E60D83E2F5E33B34D00468CC2A02B09445D0A451CA2070CA39044D16AAF877213D0A99E111786DF7003CF2D2617874571FB3B226B53416E3E1E0C71E7D71C72DB5BE3613694D28D07CE8FC73AE1918EEFF18AA9119C43B88AC32BF0B5A440AFE9E40C09CD41C85968630729500747635C38C39532052DF04BE682378424DA005E3A0FA51257903A4C3503579C8D6060BC9B189BCC740C0E8C514E8F911D00B4904521AAA28850AB91C240753F0C2F63EB877F34118CC97A1BE2E94A90B053FFBE00BDB6FAAF5B599486B4281E69D6BD79EAE57735FA9948B6F4BA7D2CCDA2153398D24554300CC6E0CC39A39EDD089EA48F36A104B44A1755233783C41044C1C0193C07F1B99B4E1A021FF8CC64083A861A031F532AAA91418081AA388EAAA92051D015AAD56209F2BC0AEBDFDF097CD07606B4F068208D2782CF2B3B3D7ADFEFAD5D7DD70B8D6D767A2AC09059A0D1BAE8E15FA36FFA054287C70349966D65115A50C99DA4D212FAC9A3309D6AE3A1112CD0D60A1C4F0692644632855540FA8BE30780934E126040E8246F38285BC4741B39C01078D750B0163A2D564540B605572609650E214515D219874E438655487DD3DC3F0D4B3AFC123AFF643C0A7416B4BC31DA72C5FF4AD4F7DE3E62DB5BE3E13654D28D0DC6159DAAF562DFD51A158FC68329D6152867C29A4AA4E688AC259CBE7C08AD34F656631944641358AE04160A9080ACD17025F28866A0A254FB801CF0CD51202C7444E04041AB4C52D5347358712C7A8806255113879286786A09C4B42319F41695382642A0B2FBDDA0DB7FCF925B49E8230A5B3FDF7EF78DB29DF7EFF977EF86CADAFCF4459130A34B4DEBEF4C47F350CFD4B9552D95F2C974143F2ABA0749833A91ED6AF5908F3972F070F3E661646A09A4B41A582A0D07C2859D0524289E38BC4215CDF026134B7C113C0C77D9CD72068C8B157C9E7A0944D43269D86743A09F9F4081452C368512177426E43218754BE0AB7DDFF1CF87C7E983AA5E389250BE7FEFB27BEF58B7B6B7D6D26CA9A70A039E3E413AFB10CF34BBAA1B7948A45F07AD06E2A5760C109ADF0CEB396C3A49973209FC9C0D0E16E183CDC8B1B9F4770F8D1CAB270D3AB080EE43AB118B4337F4D0BB4764D8168633345B7D152CA43CFAE9D7060F77ED8B3EF200C8C2481396E50A205BD0A7BBFC7EB814028004FBDBC1B2A265A6B8D0D7B26B535FEF047BF7DE8C7B5BE3613654D38D0AC5FB1F8D368627FD9D02B894AB9C4E2491E24A92BE74F818BCE5B0D8144331CDA77007A0E20609219EEC7410953A85A60508C09AD240F18CC41D75C1F8313E6CC84C9B3E732E01450AABCFCD413B06BFB1E18184E43095598279A8050C00FB18002219F02FE800FCA86057F7D7917ECEA19826028586A8CC7FEE3AEC75FF854ADAFCD4459130E34EF583AFF9300C69754CB6CA290413A5F80044A81D34F9E0967BE7D19989E1024474601D184D69001E95C05868B26248D20F88321688978A0D15B01A394830C5A60F5F551E89C3D071A3BA7422193862D8FFF054AB93C14AC000C9A2118D08308160F34E37B62908586B80F01560F9B36BF067F78EC79B2C0D2939B133FF9FDD3DBBE5CEB6B3351D68403CD392B16BEDBA8943FAFEBD50594DA9043CB69722C0867AC980B6BD62C01DD428BC852D0EA29C2E0C030F40E67A1EC89435FD90789FA0698D1D104ED61152AA95E3091EC2A9534241AEA21D13619AD2403BAF7EC468EEC07C31B838CE18754D98448D0031124D57A7608D5A101F1D606E81F29C08F6FBB1B7C4675CFA9B33B7FF4995F3D7A43ADAFCD4459130E343FFAD825A71EE8EEFBD4D0C8E845D9520506B36598D2108633562D8015A72E65690F806A8BCCE84A85E7CC4491FC964D157CC108842231A4292A1433A3502D0CA2855582503802017C0D053A73D90C7E86095E7F00FCFE1072208599E21A721B5F280CAAC703C5621E7248986FFDEDFDD01E0D8EAC5B32F3C7F33FF2FDFF53EB6B3351D68403CDE39FBEF4ECAC5EFD4CD6AC9EDE9B4CC3AEC13C447C1A2C5B3C17162F5F0C955201ADA90A84A33108D7D523710D40B58C12859226C8C4465EA357900B1533504EA3E40886F13541F0A894EA19C0E755C88CF431275F2012466B2B0A2A3EAEA195A5E167915FA75AC8412E33022F6CDD01B1507064D6E4F69F74BDEB73D7D6FADA4C9435E140B3F19FCE7D97AF25F1B940436C59EFA1C3B007D544BE62C0B4E95361E1D29370B34BE0F7FAC0E7F1813710C54DAF67C149F2F85AF89F8E5CA69C1C80C2483F0911D0FC11E6FCD3C81C8F3680AFAE01D23DFBA1941A044533F0FD2116E0F4851268B27B598C8AACAC622E8B96D928E865637BC8E7FFE1AC777FFE782841AC09079A67BE78F1DCC4D4AE7FF685031FDEFAF85FA18C9262B0AC4343FB245872CA620878518DA06450D0C2614EBD004A12048F826AC5A814402FA4A1303C08C9EEC3108CC750FE78C042E9E10F0421126B80505B278C1ED80DA3870FB1C0650835942F8C24BAAE09D55B9465F71968AD954B6554550A148A952D46D5FCFEBC4B3FFDEB5A5F9B89B2261C6868EDF9CDB51795F2B91B8777ED698C4C6A87E18A094A28065366CC40FE1246C0A0E5542A8155A9B04DF60442B8C925A8A04A21D565A0BA4A1EEE83926E41265F8202FEED4713BCADBD05224D6D3070E0008C1CEE068F62405B5B0202511FCA280D549458BE6814D59807CAC897420DCDA0ABBE4703C1BAEF769E76E983B5BE2E13654D48D01CF8DD97DA74DDF36145F57DD932AB7ECB8B6AC31F05CB136141C4727A18AAF902F3145350926A9B72C911DC761D023E1FA8C85B4AE92C240793902D94A04839A2A8D242285628EC6020E7518C2A04FD1AD4C59024E34FD5D0219BC9B34068A2BD0189700926CD3A09AA5AE8E791FA29FFD6BE64DDC15A5F9789B2262468681DDCF8F3F680E6FF4E293D7AB162947CF92A5A3968266B66158AA328457239544F2658A84A060F0F22E1458E83C060C9E71665D2E0A9A1A4513C3C2E65AA7E2896297758079F17BF80B80B1166C5823C5A60F47EC5A84008FF6D6C6D82916412226DD38722F52D5F9C7DE695BFA8F5F598486BC282C6B22C25F5CC7F77E5CBF9EF648707DF61584A9D1288B328B59E4F42214359780504860EE52A9AD02845BA0F0CC0FEEE21A89A26CC686D84C95D1D686EC79008FBC0E30F23C7694029837C05ADA3723E0B0534AB8792A3B0F9E56D306F5E17CC9D7F024A9E303E5F40F55422E9F6E548C7945B4E5CFBA1FE5A5F8F89B4262C68E44A3DFFFB139E7EEAC94BC375F1F74CEAEC9A475593D5CC1098E522E49329141845689B3A19FCD138ECDCB60F5ED8F21A0C8F66615EE72438E5EC75106B6E43731A2DA75010C28D6D684E57C044696356F0FDA323D0B37B0F3CF7D823B07CF5493073E15C28954BD0B3E735B4CC82A8AAD4154BDFF78D676A7D0D26DA9AF0A091C779FFCFBEFE0F9D1D2DDFAB1A46A038DC8B6A4A072AEE2F150B10F0AB90686B05051FAB64D0444F16919398503F791A84624D108C44984FC61324E79D1F5F93860AAA9FFCF00064879010FB8B10696D003518843CCBE01B30BC91D80EB49E369CFAA16FEEACF5C94FB475AC8006F6DC77F3925CA9FC4D43D5CE2826FBA19ACB8057534143CE522A662118F2A3D5E3054AB752A930CEF28049DA2B6F80655092560855588415CA19F90C8B4D994A198CA089E6B617CDED3064103045544D86A9144C5FE85AC5F4FCE7191FBF7EA4D6E73ED1D631039A6D77FCA0B3622957998AF92F45E433B9913EB49ECAC8598210C09F72210B5EBF1FFC7E542B8ACA0AE9C0529003E1BFA60F3FC1475104B0A8CE5BA5DC6134E3E98772B53C2A149150E71088E95CA1A279828FE81EEF15177CF24703B53EEF89B88E19D0ECD87877B4D277E0A24AA5706B36390499D121262DFC5E15A289182B926315973E0451200C01B4A428B04909E9AA17D5920F4D7642886500A0B96D554B842050F0FD1504DF502A0DC974DA2857AB0F7ABCB12FBFEB8B3F7EB9D6E73C51D731031A5A2FDDF1DD55A542EEA95C6A0086FBFBA188EA44B14C963815892267F17BF027C02CA658B40E820820D5304143EBC91B4A80271247AB0C49709992CB33A0970BA08301A3E961E84B6521952F3DAF28DABF5FF1F55FFDB6D6E73A91D731059ACDFFF5ED938C6A794BA530A20D741F80A1FE21C866D19AAA202F09FA102C01F005FCA8AEC250DF500FD17014029A1FBCAA9749202D84D2A65A05D3A0E4F23294D1644FA14AEA4F8F4219C1652A9EFFEEEAEAFAFA991FFDE6B65A9FEB445EC70A683C74AC0FFFFCDB4B132178CA2A8D6A99A11E181D1A82A1A12CAA953C640B55A01C726A0810081080428CEF047D6116AB6204D824CD44CDAF2CE437D4A6A40279044E011F9BD45A0FFEB0FFD61933A67D75F9FBBFBEBFD6273C91D78407CDD5575F1B7AFAD9FB96E55077DCF7FD2F0CE5CBA33FAE8E1C3E432927B54201AD9DB2011934B3FB0653F89306E4B1ACD61F584B114A28F7B0DC1B4A79A00E11D4BF866AC1A9E7918FF850D807F16810A64C6903CDEBFF79637BDB756BAFFEF6F11AA7FF614D78D05C78E1860FF4F7F75F9AC9659FDCBEEDA5EB37FEEAFBB30A03FBFEA59A1B39C7A7E8F52A6E7CD550A054AAC0C0401206103C49F2D594A9425301439C268186BA6051078A48C003D1900FEA227E2A868344220AB1581D2592FFB4F384F9D72EBDFC33C3B53EEF89BC263468AEBAEAAAB6C3DDFD7F28148AA7E44BC5473D3EEFB5CF3CF5974D0FFFF88BF5C9EE3D176B96F14E34971705FD9E66AFDFC7DAA751D0319944528B5CC742CB49374D769AA49EA87B843FE08520AA2F9F5F63D16C2FF9762C158974148A3A7CEDC2AFDCF2AFB53EEF89BE262C68DEF7BEF735A4D3B92F6632B9AB2BD56AB4522E5B8AAABD5617ABBFB9B17DEAEF7FFBCB1F1ED8F8C0032B4A2387AE552BE933F5642F403983563412E352110A85321806CBE7E3EDD2548545B8C3B11850732B8A2D51A72C0A6E92595E87C4B90CEA17CEFBFC4DDFAAF5B94FF435214173E59557D6F7F40F5E5AC815AF2F168B75D4378F8AF979E33C151A1A9BEF5EB06CF983577EFCD36DF1B8E7B254FFE8AC5CF74E28F5EE017DF42018A95E28A7861138055E5DC97E54168322D054286E95CB421541E3C3C7FC213FF8D04C2F7A62D75FF4B9EF7E455194E3AD62FF8735E140F3D18F7E34B26BD7FE0F96CBA57FC9E54B2DD44F8FB7B1A2D419937192502802CD6DEDF9D3DE7EA675FA39E7445A5A5B9967B794294295420CC307207FE055481F4020A587C1281798530F892ECBF62BB37A2A9D7982FDA8D6348F07FA332A180D33FE6BFA86CFFEE02B579DD5EBF1780A4F3DF554EA78CFBDD7AF09039A73CF3DB7B1B737D3E6F3C145A6695C6E18E60C6A33C20E521C256BAE681A0C38F47BBCBE11E62F5E02EF38E73C3871D122A88BC79850219C5533A3501EE987ECA19D5038BC13CAC387F0B111A8A0C565B1F26E1EB7A24B904CE661DB8817BA569EF397E6D9F39FFBF7AF7DBE251AADEBAE568D3DD56AB9DFD4ACA44F0964E2F1C67447472273D34DFF6F7700AD3968CE3FFFFCF6D1D1FC62BCFB4FAF54F5D5865E9D870F07A9E52B551638476AB183A5E471FA1FD565937A21ABA8ADA313CEBEF02238E5D45361CAD429108D867933467A5DD5806A360985FE7D90DEFB2264F76F87C2D061D08BD411CB8462A10AAF1D18007DFA2A587DD907766632E9CC37BEFCD9456DEDED4AB1582E56F50A35A61E5234EDB047F31DF66AEA61943E8755551BF07AD55420104A0583D1D4DCB95352D75DF7FF461FE29A808612AC102C533299E2F24AA57A6EB5AA9F55AD56EA0D0104028486D68EC23A3D581C28C03B74B2AE56A6CE82912482E8B56435691E2FCC5FB418569FBE164E59B11CA64D9B065E4A1305603F0AEB86A543E6E04EE8DBBA09927B7740BEBF0706FB07615B7F16D65EFD45587ED679E9975F7826FFD5CF7F2A525717ADA30E5C3AEB782EDACAAA1AAB7020BF8FAAAA69FCCC6E24D8DD2A014AD57A35AFA75F53BCC38A1746BCFEC068C8E34F4222984E0014DADADA0C0495F9775DB809B28E2A682CEB5A75FDFAE727178B95D3745D3FAF54AEBCC334AC18030A7969C9956FF21FEADEA0A95EC406EF010CBC13B0DD13D89641D4E58A80A3EB502C96A00E89EE42545967AD5F0FABD6AC82C6A646D67982D2894B952A648B0674F70E4371B8072AFDFBA1EF60370C572C98BB6C25CC3D6901ECD9B90D7EF2DD6F407234091AF0E320D050849C552AB063B478236B7E56DC3243D0B2B6279A5AD6540F81E9B0A62A3DAAA6F4A3341C42FA34EC0D867ACAF9E22880A76FC58A4FF65D77DDB1399BE1A880E6BDEF7D6F38952A4CCEE7738B91239C53D58DF5281DE2D48E9E80C29D6F0A33900814A641BC85CF33D058F81A6C59C30C68417278FF468B75FD24D0D0A22473DAD8FAC60638E7BC73E1FC779E872A6B1AAAA10A0C0E0EC1E0481E46735508868310C69F42B1C2F28D0FEFDD0975A8D6C8CBFCD8437F82FEEE6E9454BC131791714B828601D4010EE759BC2F201D1ECD5FF0FAFCE045724D559B48A859C36C3CD222820A79929EC4F7BCEAF5F91E3CA96DC69F6FB8FD86636E2EC35B0A9A1B6FBCD17BCF3DF7CC2A16CD3375BDFAB64AA5B20437A08D3A4E9982CCB21FD1769E36C6948F51F321061C855F74961FC3EF6AD6ED531CBA8011F2932AE740EC75C0AC23DAD45357AF86058B96404B730BD445424C7AC5E311364B818E83A413018D8297D97C1E5EDBBD0F9E7AFAAF30DADF0DC1A01F375D63C741B9C916030AE74A06E35CE244D9319B0CEC96700D78BD54A0A7D9ADF509703E64F964F6EB4C051BFB12F1C42FEAEBC337DF75D75D43B506C291ACB7043477DC718776C71D7F9C55C8E5D615CB850DE5727931DE9D615DE7EDE8D95D09C21A92175E11AE7EB10152E5908F8662488CE3C823B6F8600C85531C7C8DC522D7163860A27F49E2906488C713306BF66C58BA78317475764063633D0B1BF8FD7E264548DA952B65F6DD9BB7BC08BFB8E536C8E5D2100E85192F62802084905946EA128FD3A4611D063F5621F2D8EF06F5F6A3C692D4F3188F991DB7A2DA3706712F53DC1008DC7C3C16BFBEBE3E72D31FFEF087C15A83E17FBBDE74D05C7CF17BA7568AB9B7172BE58B4AC5F2DB11241EEA245E15772A88C6D1B4AC311E10C57E8EA928BA93C9BCA6F759BC6F30F955B814027B40067D046D12D8EA8DB31FBE8F0AAB8B22BE4491EED6D60E3869C1493075CA1498D4DE024D4DF580841737CFCBBA9DD367EFD9B317FE70F7DDF0DC73CFA3FA0AB36E587C71EB8D093DAA1C97D2C634ECF90BB22D3A3F6E831DA366034761449A240E950813C88BA80AE389C66C2014B8EA931FFFC85D975C7289516B40FC6FD69B069AF7BCE73D894CA6B4A65A2E7FA0582A9D5135F470A954B49B47CB1FF9B55C6A7069C11FE69BCEAC238B3BF2C8EE216E53AD5498C4611690C1C9A9FC2885A9029F1896C1A72070B3DC64DB2C0413E720B869F50D2D3075DA4CE898DC019D935A604A573B9AE851882178481525536978E1F9CDF0939FFC94C5A542A120FF5E3A1E0B987A0479EC8012C772C83BFB9192D2E0D2848E4965A0015BEAA81E2FFB086ADA441D4CA391C8FDD178EC9B4F3CF2E0C65A03E27FB3FE6ED05C7BEDB5EAE38F6F3A4951AC77E155BDB2582CB795D8E81C6E3A3304A88A4D5E25E97508ADD0F9C246B26902BE8F93618BDDB55556DCE6E242C0250C89FC6038C28766A82ADB14103C825E2B390FFB4C521FF8B9D1BA66686A9D0C5D53BA60FA947648C463D0D01087E6E67AF0235076EDDA033FFAE10D90CEA42110F0337EA23349690A1E63D9D35C3436D18583D230C5A8203A4693AB299399EA0A23F4AAFC4175CBD236509565B36924E07123128E5CFBECB34F7EBDD68078CB4173CE39E7B48E8E6689E45E8E1B7946550CAA906496896D93BB26584F60D69ED5FD2F9714AAD86C9907C3058525C8A621882617FB7C33F82415667ED39415DC004B8049B1EF6C925C0AC82880B4CC98F4C2F77B837168699B0233A6CF808EF60668AC8FA1CA6A8644220643C32370D79D7F80AD2F6F66EF2169C3B88F74385AA6703C2A8CF39034A1BF0D216DD8F70949C38E591C1779A0197818D83CECD8B3991412EE08950C3F9B8847BFFBD8630FDF556B50BC65A039FFFCF3E7F6F70F7D1C25CB257877D553F36676C15C12454A04109B2B4D546E0D29EC624BD090D523C1E35E06BBF842EC8B3B98CD774280CA4D631246F21861BD100702E14B9187C40E0F4CA652C8F7128E2460C6CC79307BF60C98DA35193A3A5AA1A13E8E9FADC3C64DCFC36F6EFF25A4D329545D310636D314545B3A15F106A15896B4B00C537EB7CAA512A5950A324F8F737EE38086545D112D364AD9A0E11FC150E8F9A686FA6BEEBDF70F13BA40EF6F018D72D659674593C9F4CD8542E14234577DE491B5D50A58C201272EAE052E2E233E40E5EA888146FC4E8BE7BC68C2AFA138C0137E10DA1466C9D088419AA422CC6A0A38923F844930F7A949F5C7FE748E9003884B8400DEE51D9DD361FEFC9360E1827970C2D4C9CCD43ED4DD07DFBAFE9B70F0E001541F51B6C17658C3729DABC9D50FFF4B115982FCF309343ADE4CDC8764F13E39CC77E31592C66275560A4B510DD0BC29DD1F0C6C0AFA22EFFFCB5FEE9FB00D078E1834CB972F0FE23A636868F836DCC8189B466B29366FE044D4B4F98424A6D2B722A50D80331E50153C848D0D54057084B4600417B8FF46AA081EED369048961999649F459BA1796D679A2200E91066A1CE44EB7CC64384494E21F253569C06272F3B19E6CC9E0E6DC86D72B902DCF0E39FC0CB2FBFC4D491CFEBB5D5EE58B38F8389676D68C2B23278F8838ED3A832A948E746E7E36100F7F26029BE8F5234E87CE931E24E2839CD482CF6DDA037F2BDC71EBB7742D65D1D3168D6AD5BD7502A95BE934CA62E416084B955A4881FE762BA7F372D6E7970A26BD94E32E9E5D554D526CAA6D8149571002E41342645F8E7EBBAC5E655CA5003DDCDE4A4AB92C96C72D547AF27335A61524BB389B77DD2EC4F011CDA5894043366CE82D56BD6C2B2539641735303948B45F8E33DF7C2E38F3F0E8383FD287D82C21723AC23D725646A53483946B6593A0757532C7E45D61F5952AA2600E3651287C09B23D0D0310B95450EC06030908D8443973DF9E45FEEAF3540DE14D0AC59B3A615EF9CDF64B3B9152876FDD25CE674C6628E3637706C9F0C48B39B7FAB654A69C32E2F7B5E13B325F9C8407EA73200A0494D20E0137055C6110C539ADE8E2796AC2B5D702B455837140FE2EA4013169A70C889EFA6E360CE3D945A4B962E850B2FBA084E41E0E4B239D8FCC216B8FBEEBB61FBF6579959CED40E1D9FB8099431E7C83F9B935F3EC883BE938386CFAD22EE421C8C40C34C77FC9C4221CF8E851EA373247EE4C3F3ADAB8BFEAEAEAEFEC648C4F3C49D136C00FD118366D9B2651DB8211B33996C075E1C4D8A6BE9522789E380066C32CA89AC13B176DFF9EC4044445B155287069812B9560417A08DA7BB50125F02A90D1C262D0C26812488983759808F2499073782D497540B9C30F3544F3A922A2BD75551FD9E02575CF961A86F6880C3DDBD70DB2F7F094F6FDA08F1789CF31AD3B2CD7E7616A613403545F8837E5755211D4D4EDA499A493544C57D2A23D3065057763633DCCB41C3AC2C8D7C37510B2DAABFFA83A19B572EFFD4AF275270F38841B368D18A2E4DD37767B3190F5E40461AE430513B26A48841A3C27DCE78C818079F259EE3175F95E6365D6CC5ADAA4CC65928EF85896E3F6F5C44E06166B6351638A6214D5C713CC263AB8B5001051335DC30028F2ADADB4BB4D3B1945894BC0E569FB606AEF8D015502AEB70CB2DBF80471F7D18AD9B88887B81381F9E7D6C9A0E3996924F26B2D3321819AEB2E3E3A0F170124C631111A8E4D3A21BCB7E5CE1E1063AC748946264DE1D78ECFFF6CC334FFEE67577DA31039A952BDBD572E5A162B130132FA0D70103BF726E707021C489A234BDC77F2DF7DE72FF07B39AC46B98C90CDCE4AE102710772A39DBC8B5CFD3103CACF395ED95151172E91B011748191F128E3767F3443CCB15BAA018545D5D04AEBCF22A58BC7419DC7BEF7D70DFBDF730D5EB6140359D9B401CBB38759B6749D5C840AD93EFAACACEC5E3F1B1EFE4D6A1C91E27D0701EE6E5FC0B9C64334E8E19FFD9D6D23CE9ACC71EFB534FAD01F3378166FDFAF50924C2FF3A3A3A7A156E6858C65DD8A62BC2336A38BC815F48C5514A4C7D39E910FC314B1AACAFE3412C3848D3539073105F21A090B34DE6AF48916E8A4D930E3560D696213E979FAAFCBD2AE2591E9B2873E098220799FE6C40F5F4F14F7C12F61F38080F3C703F244747D877710966084B0AEC41F196E9485CF2DDA81AF7E55045A7812A8A8041A053A4E391257855F1BCAADC6F43649F5D2F43703493F9AEFCFE0011E3622C9EF86234ECBBF591471E491F73A039EBACB3FCE17078D9D0D0C0EDA5526532B54ED50DC371EF13688455AA4AE26838096B9600920C1DB0A5BACC70E06A433AC440004AA677B2C92C5E1FB36664AA01BB7B35AFED74E389523AB3ACA4D926F9958C524BB39D4F9F13968F9020A6C5BF6BEDBA75089E46D8B77F3F6C7FF55596842EA2AA63083B33B34DEE34649E21014419A99799883270C9AE033B9F0AEBB82EE359D2B7439F48AF25C0906445C01908C4BD089EF76FD9F26CCDE74EFD4D1EE10D776CD0B2B7666F2BE40AE7A1D489127018D9B303776E578662934E76B15C7728C70BE7306C828AF4D900D81BC0550D871B6D72A95C61E63039C308381AF3CB68B6E897E1087E27EBEC7368831459020332FCC0C3182C546154016CF5EAF87308103367CE66D6CCF61DDBD9774A7564899B81835F8610B8B4A550B8C2F8168F45B1F314263593B2C26149A0A95439701937C3F75324DFEBF5737783F020CB9CA36020F0F34463E32D4BDE75FE961B3EF189F231051A7ADFB9679F7D49A158FC0ADED5F38AB88915DBF309CC0D4F730BF8E681748C38D97722E38E7E55A59A12D16D3BAC00D2A475B80239CD488AB06E557847523E4C3018E60E4011D32115E011711D7AADEE22C812C93266C5BCB78C47E106EA159E62E18A9E53FF3D2ED1FCECDCB8834F805FF89B409C9EAC9050A5279AC5A2742155559BE4DA1178E11FA26B57350DF61AAFCD61342E7D6CC9693010057C3E1D4DFF8DB144FCC6271E7BF8BF8F39D05C74EEB9B3F295CACD78F6ABA84B669901A58AE6ADC2EE9E62A9624B1C9B300A916E5F69B1438E47D8E52966A6B7F0E1C8CC38019E0A4A9B7C21CF5E17094718B7610064E0E141414DE3D287E5BDB88387A63BF745B1C1C65412F12632BD653218BEA248DF83AF89C5E2636263528D31EC93292E240A7F9E3FC7B909D8CE3BCB5695A61D9BCAA3C5D69988C1ACAEC9C494E1C5DDFBA0486389F075543E3CA93E06D35B5BC0130AC18BAFED831C9EBBD7E7D918AE0B7FE299A79EAAC95CCDBF396089174D3DE7ECB3EF4135B09E26969074A11FE6EEC793AE108848F4828CFF88C8B7698CC907765B91D2621A737462531CEB844B1BAA9E249548776618CD61FE7E9EE32283867E1F17F32092A6B8EAD485E4319D1819DB54953D2E2D35B92827883E8F6ABD3D8237814D9C2DFB386D87A10039976CC013E385DA65AA928B4E91F167801FBFFBBD4BE7C1056B56411ADF7BC3EFEE86CD0787983370C58C56B870F9225871D262F084FDF0C91B7E09CFEF3A40AE87422018786472FBE4CF3FF4D07D47BD91E4DF951A71DAEAD577E2995F4C9E582EE24D365A8739D644E9074D3DB1C698BE00B6690E0ED15545529348F1B52582E522B2FC1D7CB3E8A296714369F3A3D118EB34AEC8D884000D1BA8E1713CC2A0A842E208126B5B2942DAD1400EEA4B5C2E731E848FB3DFF133C39130E31AAEBB06A4AB527111766E194989EAA49F4A0FB765FBAC4CF020A0E6C703F09E9527C2B245F361B062C26F1EDE04F7BC721066240270F98AD9B076C989600513D0373808FFF6BBC760B464586D8DF54AB1A25B99B2FE47CD1FB86ED3130FBF74CC8066DDBA75B7974BA5F7D00C25CABEA70B53155286796859EE8A4C180770FB4C405C5C6906CB0D57842EE7A001914E69B84A5B2CBBAC5B7A5A83C110F8B995611370C98BE8C3355544C129A8A972F038BE24E91C747293E9FBC85F431F462A973E525A6BD2F2E207CB1D97AA2A7DC28AC859761C8C0261FCFF4DCB16ACC4817C8A01EF688DC2FA95F361EE9C69B06B3005FF71CF463890ADC0156BE62160E642221E87C18121B8F5818D50F00460E5A28530A7B313761FEE831FDFF328285ECF6FE3F1C46F12758DCFBDFBDD170C1E8D94D1BF0B34175E78E177474747FF21954C86E93AAA2A373BC9834B6638F7E108DF8CCB2A62856E16088FB02B022D727EEDC42C97A8A78D20CFAE94629CE3F0842C02040187A40DDF1C997EE144D26596A0E430DCCC968F9BB6C90C220759A699520A06BD8FA6B850149A3B201D5ACFD348C10E804AFEE64045FC6687592C3B2B31889AF3B293BAE0ECB7AF86699DADF0C40BDBE0ABBF7A00CE59360B2E3D6B154C9F350B52D93CFC75E3D3F01F7F7C0AFEE9A2D3E1B493E6B20EEC5BF676C3E7FFF35E8A3F50EAC63EB4EC9E44E9FB6022D1FED07D7FBA3DA5C05B5783FE7781E683EFFDE019FD43FD9FCDE6B267A4D3695B2248C22B37D7605793E79A7073D56DC108D79B008C9DE9E7DA6477049C7B8879EA279334945383FF511238F3124B0923549FCD41C69CB4C24125F28A5545E6DEB8D5223093B854E27D6E02041A9FD73E2EE9C526C0D9C76E8DCD25724A74EC10BF0D2ABA01425E05AE38ED24587FD63A688E85E1E1279F819FDDF3247CF5B2B7C1F4D9732136A91D76EC3D08FFFDBBFBA0B9A509CE5BBD085A42017869D741B873D30E7872672F94F17A04A9396530805CC77320128EDD8046E58D0F3FFC707E4282062F88E7B2CB2EFB62219FFFEA20EADC7CA1C888A44CC2B684FF41E6AD30DE68F16E54209C62D20CA558104BD5B4AD13D326CC0EB8B8846252000123C143400AA0FAF00B671FD84014C7E9F2D682CB4293DF49161F8F07B94A682C9E834C26311D2FF9687C6C1287ED921411F337BA2EA6BC3E5231D9AA49AA68E632C043FDC0B23970FEBA5560548BF0EC0B2FC2C19E51B868D97CA8EF6807880661CB9E83F0C4E61DF0C92BDF05F54D4D30D4D30B773FFA1CFCFCE12DCC7098D139090228614751220DE7A87B7BA0C7E7F55CB679F3B36F5992FADF9D58FEFECB2FBFA4542EDF901C1D6E4E65B290CE64903C566C0E28AC5261BD58CEE3AE1895294827F7EC7A1CE962B937C09D8660092B4D6720A510034919B29678145C19A3F60C46CE8593D0051A6E6829DCB7E3E1AE7CDBB928240E030D82C78FA0E19246C0C6D6388A1DBC94E636F7660B9BD145FC6D0B909179040D6A90F72E9A01E7AD3D190EF5F6C1B66D3B60667B0B9CD03505E2CD8DF0DAE1C3D03D38045D53A6C0A29317300BEE81C79F835BEF790276F48EC2BA0533E19275A7422CE085FB36BD08B73EF61CAAAA08F9AF1EF0FBBC3FF3FB3D0F3FF3CC33C509079A2BAEB86A6DA990BD36931E5D934C656078640472F9826372BA2EAE4C2867244054BED9F97E8A636528E04E3E1F1BA3925609CFD1E5E91334208C16D536B176689A4B2A1986682A20330CC79E344F4CD7845FC7018EFC2EB29EE85F7224521B7D47CAC886048E67D80110D89988EEB834AF551715162869C29A059F38F31438FDD4A5B06DC76ED8B36B379CB17A0934CF9C87075E81E7373D0B19BC9EA7AD5C0AE00DB13EC93FB9FB09B8FBE9ADB078E614F8DCBBCF82F6480006FA07E18E4DDBE0B6677642440474554DD98EC0F969381CB86DD3A64DD909059A779DF7AE79BA52BDC632F4AB29453293CB4236976777A82E6A95B87A909613F3B38BF45DB1B9E090E0F1C17F551D5BBD20039DD29AA28B4F4D8A98639165BEF19C19290D74E102E0E9A70E68A4CAA33891CC6F51C6FDB040294A32DA7CAACFF631D0280E4F01C54ECCB28F5BC4B678D605976E8AA5D8DE6C109E6D1AFED111F5C357DE772ECC9D3B0BB66E7E09FA0E1D84B79D7D3A24BA66C0BEAD5B60F8C05E36D86C52E734304B65D8FCDA3EF8ED5FB7838537C7C72E580B4BE7CF84A1FD7BE18F1BB7C003DBBAA1A780C7C988BECC43567B8281C04D5E6FE4C6679F7DEC4D4B1DFDBB41B37EFDFA69A552E12346A5F2B968240A39E435E96C160A8CDF546DBF884CADE57C4154C8D904D49DED270E4C44CC011C22695B55AAEA92513CE6532816D854168AD7F8FC7EEE4C13D28857690A69E0AAAD66C959229D547501518295A7977287254B53F088B0033831346EE63B4959F239F7F9480BD0145177F23AC790CFACEA6A860F6D38039A1A1A60FF6B3B59BEF0E235A741309E804DF7DF0F018F0933E79F08BE50030C1CDC0F3FF8DD9310C6735B7FEA423871D609D03B34024F3EBF151ED976100EA54B78DE5E61752A763D39FEA4BDAAEF36AFDF7FC3B3CF3EB97B4280E6339FF94CEB9E3D7B3E981C19F96638E467CD0F493D49D090CF86D764DBF7B8AB704E5CD8F1597CF69D6ED9BCC4ED1C74082688525995018372856979456502B7E638A7A14D93B5574E4E2E8FF1C83C6253F86BB8B38F83C610056F3CFBCF6B834E8645D8F7D0678F038C6DF1B9A2EE96F0041368BA227E78F7A21360E59A4594AB0165044C10F948DBF4D910880461DBA6A7211C0941C74C32BB2BF0E7879F823FBCB01BE64F6E85855327C1E15401F61EEE83AD7D29C8560CD6745B1545897662BDF81D6F0C3C58E5BFF0F9DFAA6A78E32BAF6C4CD61434DFFFFEF7E3CF3FFFFCE59954EAC7159AC6861786ACA84C36C7EE7C5663A4F3E640BC6EC8CE2877AC1B492E65298B0AA2190038C95576298B4CEC76F264C0B680785215B3D44484DB3424684CAEB6ECFA23CDF61A2BA264664C66A1483F9599802CE7D7A3D977B2F407B3D25C194F93E53B6E0E66F03A2D16BC34B82F88122C163447E17DCBA6C3A469CD60144B100C84D844E050732B580880BE830760B450856445815D07FAE0D1E75E855C15AF257E230DA327EF3B28C2E254EDAFB76F408D3931F9F5633709BB31D4831E8FFA6B4DF3FDE7ABAF6ED95B33D05059EECB5BB65CA81BFAEF72B91C2B6B2D235852E92C8BDBC83BD514BC8665F2094FB0936C05A20241B1736D0DD148C8430D83540E0ABA9BE8F3836862465014D3E345BC4B93C8A574E22F08101EF3AAB21FE2545493A58BF25DCA8721F5E5F5F2046EC58EA68BEF350DBB5282C7C1646F1A9928EE11AA116CD080E9F2C9B8D52C3D26729529798C7D8EC9DC99D010D0E094F6049C37BF137C313FE828291424BA4A5D3D94BC3E18CCE4A06728058706D27068300503A91CEF77A30AB20D8AAD82DC1BC8AFA3294A6A1C5E26EBAE58E29AE6297ABDBE5FBFF6DA2B1FF95B9B50BE290D0090D72CA9944B7F2AE6F3CD75D130E56A0399DF990C6FBB6A67B999E22B15091C7EAA2C494BA41750D09380120BFAA13E1A6451DE048AEB188AEAFA440C1AE23108A1AEC66F010D3785A45AFFE830A40C1586734518C10B9E2DA2458500CA15A8E74C8145DC2B2C2E6640994C6F5129A089FA2A8E59832581339E224C709EC520C20C0AEF762517CF6BB61828417154AABC11A44B40AFF0BA764EE15496B3D812F2C2BCA628CC684D4001CF3559D421AB2B503014C8E0B10F67D090A8F2E6013EBC41BC4C82F29C6AB96D7CBF15DB9497025CB1C075432A205D002CD515AFB38FBB257635C7E3174D993965E79D77DE79C46187370534175C70C164347DBF964DA52F4349E027F65E2C5720994CF1A8B1683926C1C3F7497A87A5DB9D5FEC5604C6DCCE5698DFD1082734F8A1A92E01D17018EA103CF1A6464A446273B7ABA9145433193678DDF229500D45208FD79452078A78E752364F095F572C96D19A2BC070320DDD43A3D03D9C84D16C1172F878199F2FE3E6A4D1DA4BA33AA523A09C199680EED140B62AE1B93CBC79B53B1C402A874043EFE12106277ACFFD433C3626D35665F15FC0A332E0D37794F198F33A97AC2AAB0123707292CE2D307EC1340148BBE913C81A1A6723A5F52979A0EB62F3CC47D400249BF086E88B45A23F2C56F33F3C78F0E01137977C5340F3CFFFFCCFC1DEDEDEB70DF6F7DF5EAD9413202A25A9A52B91629993EB38F3401219FB6E21D530BDA3152E3B6D059C3E7F16843C3A688561BC4300A54509D278C2457C2D550C1470930B28C52AF93CF83D0AB4B6B742A2A91E424824894C06EAEAD8F81E953CC45E3F6B774679313471258F52278D6A7404013D94CCC0702A0FBD038370A86F189208261AC34C80A7B40E8AD20333D52D963A11A09EC32269CB34782A4819255C8948BEC8B2037036D26DF5B92D37B68916EFA8452E25D58EB22A365F723AFAB9374B71F28A5C56A5FDBCE2F04219AE90CD2D6D52CF73A033E160F8AFC182F7E2ED43DB7335010DAD2BAEB822DAD3DDF3C74C36BDAA90CF7BE9D4291E44A02996CBDC4721EE075E5A2BF5B3682982E778E2B44970C1A213615E733DA492A3309A1EC58DCCC2A1A1244A881424F34546004B94BB237ABF3484FD30A32906D39AE330A9310EAD1D6DD0D8D50191C626D08221503D3E5EF9AFD35D668046A1004D0CD7A00028255E950B2C1B7008A5513F7ECF08822983D289FC3F44A83594F93EBCFB0364C2224855721432BE02309A376067F730EC402B66B44CE30DFD769F40F75596BC695C18934B269DE743AB9A43A0DF6859AE37C9CC412E0541107C15FE6F6F342DD37E0F1E8B1E0C864615A53A73DFBE7D479CA8FEA681E65ABC4FB65D78E1C5FD83435FCBE57333698A6D24142482C0FADA516EAFB43298290DB20111D8629432F2DAA27E680EF9904C1BA8460A3088522667D050760FC4C241684789D2D11883B67814222449F00C023E0F7420D0DAE275ACC74C5D633D78FCC2E56F3286CC36D932ABC4AC41F1D12054116B22EB8622D926651D02530FE478238F2CBBD03A1F2AE6AEA932F50AAB6562F12F3CE654B2004FBEB81F1EDFDE0BFB32486A7D21A7C1A425736E9C0D1CF3D8381782B47FDC453EEEED72829F828E8BC4365A8E0F4BBED5B2C31D769CCCE249EE941550ADFA12070FBE9CAA196868BD70E38DDE2FFCE6CE9FA732A977E772192FE97872EB937A209F0DEB5F231291F8494BBF8D3C1A85257A970DAE1A6803A3411F34C5A24C75CD9F3105664D6E85C9B120B4058310009E8CA58442E06D6A0103775DA64FB0C68AC08BEC584D11FB0EDA74610DA9FCFB2C99D5572D23802A644013AE9050A271CBFADEB0E225E1C0338013770740AC6E1BDF974D66E1F997F7C19F9EDD0D5B07CA6092846326B1CC4B1E9B3621E1A1480D6339559AD20FC42FC958F83840139F608E954ABC08D0ED3E30054176A2FD082ED3EFF3E39D526DABA9A491EBFC8B2E5A3BD8D3F38562A1F80E4A3697916AE99D951E567E626E6F303F513299C9B46E8E456052220CF3A64C82B9D3A7C09C99D3A1AB6B32F89174965349288F8E4071340964E61768E30341DC6485F92C3CF86F005F178886C18F44DA43B118957796201BC44049C12C25EEC5E34959F40C1E9B6256507A996C88187BDC554DC9CC3F192D57449621797AAB65F65C0955DAB657F7C32D7F7C1A76644C46725557F843A67BBAE357AAE2A81D2778AB08A92CBCD71A80CB70B2FF71375D9075E58A2A559C24E4320D95A783309F8DA2E5BC3ECF66BF5F3B77FBF61A721AF75AB562D5478BE5E2D74BE552DC344C7047B30DE1E0B293B3C061F704A866B492164C6D8393A736C3ACA63834251AA0BEA515FCB10454F0F545B472868686A0E7F061E8EBE98502721E528364BD044301FC0942A42E0A4D68693575B480371CC18BEE05D9A6426582A3CC55153DE611997C264F0E27D503561525A4CF4E6EB784BF80C7940CB6012C1A4F1616034D85FC05CC0794194DC1637F7E0C6E7A7C07F4150C26ADC0B674C6B21A3778E4B224284D27099FDD0CAE72659000511427EE25258FC3C2C710659982C22C4355ED0E85035FC1D3FB0D82E6889B0BBC25A079FBFAF5333243431FCB6573D7C892D431A6A820BEDCEBAB880C3F1396CC9C0AEB572E814593D1B4AEA441B32847D7424E039044AB666014CDE6DE5ED8DBD30F998ACE6A9D67A0DA5A32B503B95088CDE7F691E594A84729538717DB625170927060A976A88BBA6129966818A070471C536722690C34DE174FF3DA8DA3991A51458C8A276FF10E1746B988A029711F147E58399B81FDDBB7C1F7EE7C02B627D1A4A7647451F725E5AABC0E2ADFCD314E3A77F730270FC8B2FBF5396EF4B18E510E38574E353812485200112BB3D0E4FEF3B4699D1B9E78E289FC38CCD60E34B4962E5CBAB250CAFF1A55D414FA1E99CC6D370602E949E53FE4C4FAF6D5EF8625933B213732022383872089AA674FEF10BC86E6F021B46A52682E2BC100CC9C3605562C9C038B1164AD116436E91435AF63CE3B331201331A850CBE7618255219ADA2104A8D86441CEA12310804FD8CF0AAA22A801CF32645A6BDE4DC171E624D1589611A9314B2A53D17FDDCDF42E0AAE673901D19821C7E3F75442F17CA9043C9D7DB3F080F6DDE0D3BB326E414CF18626A9360703B04DD5870421112003290EA44EF2D87FB80438825BF7180E36CB28CB1E17A3910F05DBF6FDFEEBFB96EEA2D03CD82050BE29AA9BDA750297C13A54D9D53F3ED2AA017629577F3F6C2BB4E39094E88C7911B14112468C61EEC86FD28EE4DBCE3BB5A1A61F1F44E5838673A2C9D3707EA1375CC79964F2621D53F00A37DBDD03D300C3DF8DE244AA14291A74B3423899E3D653202AD0B124D4DE0F77B195F6125F84860ABE51C586846FBA2710488DF2698321426B9020B381A55DEE81AA50A95D0D06CF0DEFD87A06F7004D268A61368CA48FA531513FAB245E8AF2890B13C084A650C9719B3018A8C92CBEF7340C037C8D52B19C6E61DD96B4C829A78D6F5795C0B5346A35A42B3FC0773E7CEF83F0F3EF8E0DF5CA1F9968186D6BA93D7350C9587FE03ADA6F5866E84B83BDD497B941E629954457FC45192903E1F41733B84447671571BAC3CA10916763641675333F890A394740572E52AA490DF1CC6BBFAD5033DB00D376F040143DED949F57198D33509DA5B5BA0ABAD0926B536423452C793A5F8FC41FC0EF2CF14517D95C01F4F80179F6739CC22EBCE528413AF8212249F456992840C730AE62099C9412F0265DFA17E18C2BF0D0446182DB87020C022D883287D92F902AA50034A9E20823ECCB890D3FECBC9E493C4953D3A262D641CF37527A7BB7E375D895E76F9B3040CF324F3D99D68891E4695FA4BD5E3FDE5BE7D3BFEAE1489B71434F4F9679C71C6BC542AF5D372B9BC9A92B499F5241A02B878BFE8C30BCC7147BA7B7A7B0B7C78ED3298118F42BDA7049A51826CD1849E1402255380FD8329D8DD8F6A0B25515147828726F88933A7C19AF9B3E1E4AE5668236D43D2C6C0BB1FEFB2A2E28334F98B6846144A188D1C7D483035545DBE4814542FEFE8C03A6D511D38BE8ED25673990C0C0F8F3095D33394869EE1240CA4B23084004D1551FAA81E48241AA1A5751224E20DC8754C488F0EB3FEC019041A313AD51F62BCC61C231DC4CD2392B614996B044E398FBC428EFC005BC549279F6967AC3B5BA988C8BDC6460DB176725BF09A7E2F18D4FEF8B7584B471B346CAD5EBDFA0308984F2370E6E7727957876F273E6289B216F2E35077CD2533BAE073EF5809415383BEDEC3D0DDDF0B0751056CE91E84D746B39041621CC48D9ED2520FCB664F8353E6CE602A288ED65339390ABD7B76C3C17DC88BD01ACA22191DA9586CC3875329D0F03BC2013F8402017617929AA3544E22BECC5764704B2E572841329B67122C59AC401E2507D575551917E21E58EAB0C5AC2ADC20CA234ED42380DA26433E8F00A5F8561E81534A8B9A7127DB8FEFBF88C581E38073D780B92123FD3C6362752E7F0D88F7F18EA9BC3419BFF39062297F0984FC37EFDAF5EAD36FD67E1E15D0D050B0152B567CA6582C7E192DAA186D54552467C9468F32E94A1E525DC80FA7CD9D0A0DA86EFA06466047CF001C4C67415779EBF9855D1DB0B2B31916B64560726B03D3D914213E389464D6D5FE9E41D84B9201794616350345BD295583A6E4AA2262CD88217E7FA190610E40BF2FC09C8132A99CF28349A52A2C1B30C0D24235C1410CE1402472E4F3FA79445B0CF5A0CF553D7E6868998A9B879F9FEE1FEBA995D7059C78929B1C8F9D1D31D61AB29B35B93E8407433988F1F7324A98DDA8F69EC7AFBC2F10F03EF4664897A30E1A5A679E79E694D1D1D18F2281FC2CAF8CE4339D648B0D4A9622A5A58A22367ABCACF39C18DE1088A731D0BF27225FB962D50A38B1210A43FD87209D4D42378265EB61E43783A3702857860C4A287F28C44434EBC127EAA4BC7EAFE82A21AC10FCD20AF29A32F21B72AD53F7704BF4C229B27E7816ABAC0CF8FD76E61F79830950D42B87F27D6910AB47B473D38D2AAB8EA08F8FC61B99479C4C721902700722DD8EB9316012D983123963C632DA0C57E15E6E453135D553D0346D04D5ED1EBC829B43BEC083734F9AF9F45BD5E0F1A88186D6AA55AB4EA276B2994CE61D74F2559120255B9749510DAEA8301BAD202EB61444931BE270CAE4762685FAD13C3F383408879228558AB861C831823E3FF8BD1E3B4027250639EC7C6C140FDF045243E4C7A10D2F14F30C94211AD7E3F131EB883CDA94434C354F5ED19982769BD23D243FF323716759832A1FA24AD28640532E17209E68629599A4FEF889594EBA83C57D2F6C5088505D32F99D3ED76357733AF5E232028E7FE5F0E64A299A92C4EFDEE1F5F877E2F1EDC0D76FDDBEFDA5ED6FF53E1E55D06CD8B041EBEEEF5E901E4E7F0FC5F9A9BA6E78286CC08F042F87312E0E6C29225D40B456136E7DCA050E2300284654A0F40B3473E9220728035F75E22E2419A8E192C1C629F31EBDB4B85AE481531AD4418FCBA23B020775A0A296B01475A62475DE718BC774589D77A9C480439B4D0D1C190FAAEA22E28CEA082D271D0978C01F844030CC8037BEDD8A6CF74F128D3D2F524365B72C95A7AE56517567F1EFB4EA51F278318A784A3D6805EDC2E3D9E9F379F779BDA1BDAFBCF2DCE1A3B98F471534722D5CB8F0E45C2EF74DBC786B70E33CB489B2DB820D1B76473AF927922C9A2247C4102901AC0B966C33FF06CE2D8AB6B3C427EA62055CF493749193EAA869B51FD5127F5292728BCD2C202942F54E32DF564A479632619A2C292B8000A3F7B0C784D4A0C83799DED48D94D580B37627FCB82811CAE9C4C5CF4D26C213C8BD5ECD42129BA954F44DF8B2DDF89A3E3CC7839AE61DB03CEAB0E6574617CE9A3572D75D77BDE94570FFDB5513D0D09A3367CEFBF0C27F1AEFDC05943AC137D4ED8350605C0017C63BC7D96FEEA2BB7109B3BC157E855948B4F996C94B5228298C79572DDE7F868659B0AC3CE02D5C4992D0E686A8BD88A875028B4F85A1C7A96B96AAF03953F4D924B1482591D4A2452D49A864D88BDF1910A0637943BAD34E8D626524D164BDB9C19A3F32FE463EF21E8FC7FF9EFDFB773F55ABFDF99F562D417336728D2FE25DB79AE62BE85531A2D096128A934EE03ED071E818333BCA723DCF26CA01533B9A68FAAC8B847355343162D597F87C245A67F7B6AB32FF4C990125140E89144FA7A253B6335345EF5FD3E2754CBAA82DA778961FD512491DB2B808181A1B98CAA59A47B4EC0711A620801AA2D3279F33AE40BCBE1E1289C4C7972C5A70DBEDB7DF3EE106A3D60C349D9D9DD7A084F9273C849974C77287B04C4110617F70FAD7487F962C62B32B21D959B812ACC559C908302B5013610B99954F1BC9C6FF10A088E8D2DC0361FA3249849B47CD1949BD28D26F231A58F3F6F4D202E2CD0D98A92DD210A8E9A3E42CD40F90A92F52A7E4DF31787B39D6F982B5E377F7E751ED8E5C21E449B1BAF89650207CEDD6ADCFDF57437CBCE1AA19683A3A3BAF2FE40A1FD2AB7A33DDCD547ECA472BCB9894C8B90167F4A0934B22CC5745B18BEE694953D53D8299E5C58A91CDB4993E2F1F9B5311C4977708D540B22659C6CB4D6CD13A564E6B01779091276099ACBA41B127C7984C259698AAA29B81FAFED172CF1BB7CF4246CCEDD26355D496AB108FC5890F7DED6BD77DE5BA8936DBB266A0E9EAECFC59B1547E0FAA8BA887F5CCF5026FC0295ABA5ACEE83F65DC618E9985698F3A14F9AF8A22BA46F00C7FBB2B95780F5942B2164AD31C826C27648BC46DBB09804C6472E76C8AF40E39705516DE4907254BC7A02A09CB01B1DD4449D64DC9C8B61D41574136A5A61BA2AEAE8E9A4E3F1E0C84BEFDCA2B2F3D50AB7D7AA35533D04C9D3AF5A7A89E2EC70DAAA30837F101EEEBE0C332DC96927BBD2EECAF38A09199FFA0C8CEE972228AAB0E1CFF65A51CC4492874E04A027786835863421CFC8B9C8EEA32918C9E618E42D5A97962EFD57955A5ED5F71979ABC2E914AE4B93053DB62DC0898BF2844E4BD8244FCB67D7B765F55AB7D7AA35533D04C9F3EFDEB8542E10ABCA4AD64D950CF5EDA3F6EAE5AA0514CC7E21D319D2375AEBE3B22EC5651D29232444772D6844D55ED68B2DD0C5AD5EC4EE1E37BDF4842ED0C36738EDB700D6CE7ED67C782C094CD18C1159415D5A5EE3671AC8D2C93683CA441CF913799C211143B22472435694229FC4A7D7DE3352FBFBCF909D749D674D50C34279C30F3537AB5F48F7801A77B5987299AB296676D4A4875F8586B8F00D87DF7C6157F8DCD2E76FE724F70A1259C64E3CA42648293CC5576C575006CC964B9249D6C95669A0E97E2069B93EAE19E3AE74E1FE7ADE464D70AA76D1C7D86741CCACE5E92146B62E087D7EBCDA3D4F973381478FFD6AD5BDFB2966847B26A069A1933665C8517EE1A8F473B91FE26629A4C26A15028D933B8A9CF5D281862F7ACA15B3647604BF872C69416B28714FB1FD56E9EE40EFE39569953E2E196284E6AE49824F0372A4501C7BB6BF7107435329005F8AC2F1F1BABA8F271CD62702B79B1C94A63C34274DDFE6EE911E643C57C944C3FDAD858BFA1B9B9F9E9BF2779EACD5A3503CDDCB973AF42F17B0DDE69271271ECEB1F607323AB824032BE4053D67C5E3670CB02D730D471954176319A4B9A38E638FFDB69A2A88AF73B6A8E87781CB0C9C7C1CD9F64819AB0EC9C827F978473B52191263C6F26A03270C82692E43D26FF0CCB06111376650B14A9EDE400581EAC552B8944FD9F7C3ECFA75E7EF9E503B5DA33D7E5AECD5ABD7AE5072D033E8947B080726C0E536541A1CC4C5655B51860C811A68BD814BBE02C0EA5319D0FEE3BDA0D22A91E1477DF2BB7CD6E812D4AC65D82B1E992AFEF892393C59C6FE58F8DAF9E94D6168B2F69BC7192F42A57753E1D4636DF96231635D15F06A4C4E2AD41D8DF3464231C8EEAC170F8D24B2F7EE73DD75D775D4DA7CCD50C34975F76F1F92323A9CF67B2D995FD0383AC35091BC2611160580C86FB597431B34944894DD179824DD5553551A909AE2D1B7B724E0785B1D35F243F72AC19572A2638433C1C09E30607D88FCB790BACA71FB82C3910D2430E05B344C772015A55719D83DDB20D84F7D910CFA920551639242391C83D8148F0FA6D2FBEF8D75AED9BBCAE3559175D70C1A5F942EE33A3A3A9A507BB0F038512780213EF43C33CB176611DD8D9F6BC1D6C851DBAECC240B9BDB2679ECC80735ACA9B76911AF7AFF0BE77D21CE6F544CED413FE5EB001E34EB6B4EC00AA02CE0867E909D68545E5B1FBECB00690AA9CD3AD3B0570ECD81556F520CB931DB528673E0127C322518C45D4A35102CF35BB5FDB7E43ADF60DA086A059B776CDB750B27C2895C934F5F6F6030701F06E5322D18995DCAA60D7FFC8623BDE74DAB025C8586B4602CC7425678B9355C6F21EE771D975D475495E676E2BE078A0057884A34E119E605AD294670D99340118EA84251C81B2E84D519D63B6BF4E825DC4B3E4A460290129DCE1F3FB3F7D70FFDEEFD56ADF5C57E8E8AF33DE7EFABDC865CE1D1E1E857426CB2E1E1BB9C32A1E15C665981505DC7CE6A5230E684C979A910354C70E5A57C4CC02F9978B89B80C2D99A7CBE731A94265812BBEF47A3EE4CAA7129F23B8084BB914E39305E048C2D040773E2C4415FFBA523EA437DBD58A851E216B929160AAF4148A31100C0CA81EED9ADEEEEE3B6AB56FF24A1CD545F9C2DFF8D2371A9F7E69E383A9546A715F7F3F1BFEA9886E94B2C1A26CE36A7B59C5FC6CDD30454B33C73FA2D85BEB72D08D3B4DC96F788B5AB0CD241E4332C48075EF982028C01BF324B0BFCBA9B6257028225D826269A69858C707BB833D0566AC55E71C835B152AAC834695117F8FC8B521C320180894F1F3AF397060EF4D477BDFDEF81A1CA575EDB5D77AFA0EF52D3F7478FFCDC9747AF6E0D0304B45E0E6B5DF6E162DE34672730CD31D4B7288AD29E662F38BEF3283DDBE1B7BC920A8FB21413C155500C763C7822CB74802C79B3BC6AD48DFA970C24E6A88CA62FC8130CF0434F97C4A55E1FDFB40F221F656C767246B116C4A4E925637ECEC3EA9A6689EA547F37EAFAB6BDED79E78E28F47DC22E4CD5A471D34175F7C71D0E7F35DD1DB7DF80BA96CB6830671B09C580F3731656A82E96AD8C39B35F0EA4C4374A6E21248967D880D7055193A12C705A0313937F229FE1A83E5E5FAC04B5E6817D150C6499CF152427E902552470980941251A57E3C96C187C8B35C9E8ACB5A13A5B8D2C9687F17FF58A7633A1765AC93BAC6D355BD1EEFFDD160E83BAFBEF6EAE3477BEFE43AEAA0D9B0614304AD8BEFF4F5F55D9A4AA513B97C5E243501AF29D23997914E2F99886DC99E7DC0C5B9931A2A36CD4EA7701C7263DC31423599A61344941619634506EF78EE65652CDA78F7A11D6F1A971C38E62F3E5648E739BF0CE855C6D1283D824DAB930E400BC61DBB65639AD75CBB421716881621BC1BBBD7E7DDEBF3F87EB46FDFEE1F1DEDBD93EBA883E6ACB3CEAAC33BE6E691E19173B2D96CA4C0523D2D765756CABA3DAED96E4B2F40E37413B7C63611909E6017A11CCF5DD9AFB6393DB6CFAFF4F25A827B101F2135E9F6C73857CB65EAD819828E5BCF9E4D45968FC6D34765A3079E46419697EA3AACB1354C0A38A071BCCFFC09B2CA5843489FD744EE77D381FDFBFFF168EF9D7D198EF617AE59B3268E27FF7B94322BF385829FCD6B5278C08E5216E4A862C370E62819861CD2EE8CC4E147EFDC91ACA01FB84A53C009619A967BFE12D8CF03380C8775C26260D599B4A164F0F13127F705B3B133DE0B0DBC1731A9224EAA55C1A04CF61F9F79A58AA27F274F47AA25C576FCA920C5919DB1A8F0B815A92855531F98B366D686877FFDD6CD74FA9FD65107CDF2E5CBEB7D5EDF536839CD2957CA8AE94AC524071F4FD1E44E3899DAE994F172E7189F3BE96CD8589A32EE6FD31A6BA9880EDEFCAD7CB3657B7B53481B2F1B98CA23EFE32589EAAA3FB28BDF6CD35DF694A1CF71C60F7164389291EB4627D2CEC102760CCD4ED990C728F28434AF18C1AC2ACFC51AA29FD8F9CACE67A106E912471D34279F7C720312C3173399CC6436B5CD2E5C33586F3EDE08C0C99E93DE5CA7BDFDB834071B346F041BA709F3987906AAFC1DEC4A00B67FF27B29C018088C9536B67473BEEB756A917FBD2D156DA7A1E5E4D2F0CF50E0F57E233ED6507AB665DEB39D9E4180A501EF0C34EA6E34BFFFFDC0817D3783D358EDA8AD9A8006BF766B215F68A7E1A26E4F2F39F02CE1EA973394644F1B773FBAF15E5D1985063730FE2F7E164BCC9C74DFC17276A5947AB4715424E7061EFB6E551DFB89D658AE2417CF9FA9DAB332C74B2CC5657ABBAB2D14C56954E4340170BA5BB12EEB3CCF26896AEAAEC3DD0789D71CF5FCE19A8006D5D056D4FBED5429299D786ED0C8AE59326D53E6F8BE213905F736CAB44F0734CE5BAC31AF773A7A3B1F67B92A1F893B58F663D2BB335E2D2976E0D28D2556EE82E6379F92A7D9F316DC8769732C91F421973DE457C6D1ECFF730F3363ADDD9E696F693E6DF3E6CDD5A3BD8735010D02642B12DF762AB02702CC5BC25BA212C1E99605E05824F20E951B3B9ED3C893918070FBE0AC31FFE7F6E338495C8A1D89E69020F3764C2584BCEB65BAA6F86E09245E362C82AA86B4A09CB998635D3B634D7719F8948149662D892F95733FA91993EC13CC9A2D6A6A7757E7E495CF3D77744B72C79CC6D15A448451D26C2A974B2D143EA01667AC14C4B09C113D2E3F8CB4A4F8C50536144246B2EDCD14EF19D3F7C515638271A9A2FCB3C4AC0261C9A8E3082D65D5B1700337CBC06907E2AA7E90D506AE6C407BDC8FC90394F640B371524D1E09CF7ED0EC9B81C7A5C6BB0EA5FA525D2A4A196E6E6AFD704747EB33473B9BAF6601CBE3EBD85DC741737C1DF13A0E9AE3EB88D771D01C5F47BC8E83E6F83AE2751C34C7D711AFE3A039BE8E781D07CDF175C4EB38688EAF235EC741737C1DF13A0E9AE3EB88D771D01C5F47BC8E83E6F83AE2751C34C7D711AFFF0F4586F05E80C217490000000049454E44AE426082, 0x89504E470D0A1A0A0000000D4948445200000078000000AB080400000007C790D80000000467414D410000B18F0BFC6105000000017352474200AECE1CE900000002624B47440000AA8D2332000000097048597300000048000000480046C96B3E00000AB54944415478DAED9C0B7414D519C7FF334B96248497BC8CB4A0128A51508FADD816290A55D1889EF654D15811513C0AA8558AA8140820512028200451C45A8E3C14DF0A62ABC5078260A41CF42014454B13A51C282621BC7667FABF77269B5DC986EC76B33B7BB95F0E61375966E737DFEBFFDD3B8B8113CC8C549F8006D6C01A58036B600DAC814F1CD3C0AA9B0656DD34B0EAA68155370DACBA6960D54D03AB6E8D04DE9F8D8C549F6A43661F6E7B28A1C0954518986AA8066D69706EDB60228197E0FA54333568B3AC316D0289045E8CDF37FEDD0D98B0E4A1AD64013F1ABC2FB11E6E34B038603936F14F0BF4C259F035E2F576FA021B388C95588C6DFCDB44278CC0E01FBC85117A1EE02B4CFC0BCD90FBFF23A706D8C0213CCDAF4A821812A927E6A37328B00D3EFA1E55D84FCCCFD01A85D88A2FF12BFC387D815F40310E840E6A11A514F92EB0896FF012837D0FFE8383F4FE6D446E8E9FF27B9A86B481EF30129BC3B2D6C2E9F47037FE6DD2DB1F611E3E4516113F413626E07CFE8B76FC9300DCD400FBB016773164EB0E19A477E7D3CBA04F9762197D6BC04FD8EFD1127D3014E725AE8AA70678233DBC97DEAC033E150B701AD6E1496C90454A982D5F7B0D4627269853076CA01A33F11AEBF311F9CCA6372FA51FD760393D5C7B196C7E9D846B318CDF13D8A55355B42AB105BB589856B37475A3173B6205FD1E70DF4600B6C505FCF9052C5709F36EEA809D2E6B10F62FA8C0C5045F11F2AD285C9DD11705142339D2CF09B5D4292D6126C37A3D16E163376F2DE66C375C8101C863985B89864D35B0C12AFC029E659312B0369F77C5207E75950ABB892C75C026B55329DE62E13264E076E25C9947F1D8AF29FC9A6A6081B816B3293E1C1999C59CBD8CFAEA65F6DDC7E9E1269C9D52D3968278938DA9825E1681DC832374265E4499CCE451ECD14DB89E940AE000E16649E161B3E9146038ABF258BCC1694894ADAE981B52D54A00DB442B7671B3282B86A1157FFA11FE2805A5F8FD4DB84FC22B016CB205DD4FC921EAB20F373380B36491B298BB4FC8473645C86CFCACA97C9C5C6003FB3006EFBB6DE8124CE114543B125650336F747F733526717468926A9D5C60938A6A0202122A97791C3E0599F82B1EE4C82F2A782BCC40FFA6F1713281C5D0F0078E08620EB698BB6322D6B1C4A2CF0C2C968F2D6AADE9C44E73A5E5C33F3002BB65B96AC79CED8DC87736B19317E473B79C4DA5E66A021F2713D8C4F3182FBD16C42F38F0E71CE34113AF60226A64A7FE3943BEBDFB0A138E5811EADAE72AB338BD9F4CE020C3F4197748B881B97CEC210DC24EA2DE7266E407F82A67C0D8831DF802DF322540DFE7A227CEE0C5886BD12799C04798B5ABDC3A3C0277D7FB1A93217D0FBE92E3434FCC61E86FC2BBECD2DFE1108E4A40833D3A9B33D555B8329EA58164021F26E4BBAE870B5114F518CF611A5F6B30786F412556B27287AF5203CE6A885825B9175D62454E26F05106E96B2E703EE6453959B11A329E912002B60B7A61356AB7826C791246E819885C14CA730F0283856A967B20033732748F1517869C923FE068B14B2ED2175084AEE5EB9A33904D56814A2646DDAA573356F55B631B3592DB96D6E14E292DC4C966137998545AB5D002A41A9F60290E70825ACEB0060BD47016B29399AD2D908183D84E8F9731566AD7BE7A60017E144B58275778D4E04F783DB408EBC785184CB59523C3F728CA59B05663032F490686B02EBF274BD7B5ACDBFEB048D843B5F6674A54E7849A53AC0CF42AB0F0E1664E453B43C8365AB3DE9E4AE42A0A920A598B0DB92490C71979219F8BD5CB99E81B214103ECE7D364B716A7351277791758D82A3C442FD5E5A125116D59928C50A8B664E12A4729B3D6C265782442A498CCEB910C7DA7FC0D6147F734B058ED7854AE7644FBBD9F1DB89015B88A7D7B1DDF38070F4784AD50DD9399E33E79C186629CB781C5497EC089F773A2D5F9D4118B264BD999F835F14E916FB9066399AD36FAA1046DC27C1C4031C70C016CB217DFE675606743F42D7CC8D6B38F592BF4710BD6E19371361574BEECACB60BF61816C945BE22FC366CF7B89A95E01D1923D9ECE77DBC0F0C391155E1DFCCE66A59AF5BA20381B3896E45646B393BED263E3A9F31D131B458F02946C905210BE730CF3BA503B073482362EBACBE09C864A31A4729928107394A385ABA8619FCB27B841144F7ACF088C744812A61BE06E8CBB9CC6C51D397B16AD748FF76E7549D179B9AF63A30E4ED2CA319C47EDCCF1604BC8D297273C64626BD3E38D6C3791F5820FF8D0A6D37F3782EBBEF7466BE292BFA756C5B2D629D89D30158F4E60578159773585826B755455D2FA0C73B787B1E8EDFC44EF2168E966F727C30E47EC56F3886748C67CD2B1D8005E226CCC17A59B22C76EC5BA8B45BC5B7C4E77D6083157A1571BF76B5731E87854B18DC69B088172FEEF3C4DDEB666E1FDCC1061537AEF781C1E97786BB1F9189AB31001FA32B67E4B83754BD0D6C70CC18876FA577B3311C833089034537B6A71EF12ED27B19D860C71D8D32391535C3AD94917E5765DDC896E48F2FACBD0C6C713098E76EA6F6A5C06CC7C7073837BDC2FEFB18E72AC5AAB49094B763BBBBD3548C2B25A089AD9C9F76E02A0ACC985596D781DFC00372E5D266D62E0CAD4D1A588EA90CF1E96C4E4A090F1F66E209F9C8C2457C5CBB792AC6FF89149AFDF8B336B1FBD8CBC013DD651C0BFDD99A5A85AD5F7F867B59D026E377A125C0467F1EC2CBC0D3F094FB89977C3C89DC88005EC2AC169B6DADE55DF3267DDD927DDA387E907B17D824D4541C958F333101D784167FC4365B2567E1D5CCF12C86BD580CCCC2E9546117A20B8EE36B2F0397B14AD76ECC74C13DC46903312AFE975264172FC56C5E88A1781CE5EEC965A03BDF7C907B5F50DA011B84BD1B6BDDFB40C4D27C2F8ACA0CFAB6023BB18F22B33B16A19078CF10F088BCD7DA420EE5C9B0863E03E55D60C8D5AB62B9F922CC96F969C83225E6263F87C4ADD8C6D27590DEDE8B0FA9B245136B472D7651F45CF6367025ABF30A99A33F3491CF0338444C66E64E9677CDEF637F7E8AFF42D4F492E877007919D8B991AD142FA22AEC0E000192C1E0EECFD9E93406F5B3ACE6FD78514CFA7921C78A23546025142551A8BC0D2C4A570DFE8E97F005E54680B999C9C2958F5FA237CB984FFA55DC97592237DB4C3E1BCDF90AF47C51B4BB35BD0EECBC7135BE665D3EC0D06D4FD0F6C4466817623D5BD6286A6B47692FA7C63EC84BB2880346BD41ED7D60E7CD2337DDC2CDE24455461F77903EFE274B593945CA7CD6F47A0B577A0037642676631C7BF410389FA2B8199B095C8A73540516C8EF338427506B890DBADB19E479ECCDA7A473481FCF0258C0EF77B08CEDC74DD8820286B8BFFE97AA016C708498C7DA7C36E7A8E1142153A4F256185884F5467C49E425841537BD75561D5854EB1DD4DB9398CFE371437A4ACB58CD8777283C7AE361B48D3E2FA9036CB0428FC576CCC4B90D2D03A8032C3E4F31077752577748CF793856DC2D1C2206B221ADC4A50DDD61AB0AF036AAE8F37005F3780D67A93E6A038BB9F96DFC84EA59D861F6E1DCE8A7AB02B0505A416485DDB896CC1C7E0E85C9073E0E64B825FC7F5B1A84B35201DC58B33704D79CD4A81D1AFD5FC4A96E1A5875D3C0AA9B0656DD34B0EAA68155370DACBA6960D54D03AB6E1A5875D3C0AA9B0656DD34B0EAA68155370DACBA6960D54D03AB6E1A5875D3C0AA9B0656DD34B0EAA68155370DACBA6960D54D03AB6E1A5875D3C0AA9B0656DD34B0EAA68155370DACBA6960D5ED8403FE1FB99D8FE8CF8CA07A0000002574455874646174653A63726561746500323031322D30332D31395430373A34323A31302D30353A303049D0632D0000002574455874646174653A6D6F6469667900323031322D30332D31395430373A34323A31302D30353A3030388DDB910000000049454E44AE426082, '2', '12345464646464', '1');
INSERT INTO `person` VALUES ('2', '3320200524766', 'ชาย', 'นาย', null, null, 'ประเสริฐ ดีเสมอ', 'หวาน', '180', '85.00', null, null, 'p@gmail.com', '1987-03-01', '257 ม.7 ต.ท่าตูม อ.ท่าตูม จ.สุรินทร์', null, '1', '8', null, null, null, '9998', '1', '2002-04-01', '1987-04-01', null, '80000.00', null, null, null, '1', null, '1');
INSERT INTO `person` VALUES ('3', '3320200524799', 'ชาย', 'นาย', null, null, 'pwan jai', 'หวานจืด', null, null, null, null, null, '2021-04-01', null, null, null, null, null, null, null, null, null, '2021-04-01', '2021-04-01', null, null, null, null, null, null, null, '1');
INSERT INTO `person` VALUES ('4', '3361200362987', null, 'นาย', '?????', '????????', 'พรมมา หงษ์แปลง', 'เจ้ย', '154', '59.00', '0885609339', '044123456', 'bhomma.hong@gmail.com', '1993-04-15', '284/2 ?.????', null, '3', '4', null, null, null, '4562187', '4', '2021-04-15', '2021-04-30', '2081-09-30', '30270.00', null, null, null, null, null, '1');
INSERT INTO `person` VALUES ('5', '3333333333333', null, null, null, null, 'p3333', null, null, null, null, null, null, null, null, null, null, null, null, null, null, null, null, null, null, null, null, null, null, null, null, null, '1');

-- ----------------------------
-- Table structure for pname
-- ----------------------------
DROP TABLE IF EXISTS `pname`;
CREATE TABLE `pname` (
  `id` int(25) NOT NULL,
  `pname` varchar(255) COLLATE utf8_unicode_ci DEFAULT NULL,
  `sex_id` int(25) DEFAULT NULL COMMENT 'กลุ่มคำนำหน้าเพศ',
  PRIMARY KEY (`id`)
) ENGINE=InnoDB DEFAULT CHARSET=utf8 COLLATE=utf8_unicode_ci;

-- ----------------------------
-- Records of pname
-- ----------------------------
INSERT INTO `pname` VALUES ('1', 'นาย', '1');
INSERT INTO `pname` VALUES ('2', 'นาง', '2');
INSERT INTO `pname` VALUES ('3', 'นางสาว', '2');
INSERT INTO `pname` VALUES ('4', 'ดช.', '1');
INSERT INTO `pname` VALUES ('5', 'ดญ.', '2');

-- ----------------------------
-- Table structure for pos_group
-- ----------------------------
DROP TABLE IF EXISTS `pos_group`;
CREATE TABLE `pos_group` (
  `pos_group_id` int(25) NOT NULL AUTO_INCREMENT,
  `pos_group_name` varchar(255) COLLATE utf8_unicode_ci DEFAULT NULL COMMENT 'ชื่อกลุ่มตำแหน่ง',
  PRIMARY KEY (`pos_group_id`)
) ENGINE=InnoDB AUTO_INCREMENT=5 DEFAULT CHARSET=utf8 COLLATE=utf8_unicode_ci;

-- ----------------------------
-- Records of pos_group
-- ----------------------------
INSERT INTO `pos_group` VALUES ('1', 'ทั่วไป');
INSERT INTO `pos_group` VALUES ('2', 'วิชาการ');
INSERT INTO `pos_group` VALUES ('3', 'อำนวยการ');
INSERT INTO `pos_group` VALUES ('4', 'บริหาร');

-- ----------------------------
-- Table structure for pos_group_serv
-- ----------------------------
DROP TABLE IF EXISTS `pos_group_serv`;
CREATE TABLE `pos_group_serv` (
  `pos_group_serv_id` int(25) NOT NULL AUTO_INCREMENT,
  `pos_group_serv_name` varchar(255) COLLATE utf8_unicode_ci DEFAULT NULL COMMENT 'ชื่อกลุ่มตำแหน่ง',
  PRIMARY KEY (`pos_group_serv_id`)
) ENGINE=InnoDB AUTO_INCREMENT=3 DEFAULT CHARSET=utf8 COLLATE=utf8_unicode_ci;

-- ----------------------------
-- Records of pos_group_serv
-- ----------------------------
INSERT INTO `pos_group_serv` VALUES ('1', 'กลุ่มสนับสนุนบริการ');
INSERT INTO `pos_group_serv` VALUES ('2', 'กลุ่มงานบริการ');

-- ----------------------------
-- Table structure for pos_level
-- ----------------------------
DROP TABLE IF EXISTS `pos_level`;
CREATE TABLE `pos_level` (
  `pos_level_id` int(25) NOT NULL,
  `pos_level_name` varchar(255) COLLATE utf8_unicode_ci DEFAULT NULL COMMENT 'ระดับตำแหน่ง',
  `pos_group_id` int(25) DEFAULT NULL,
  PRIMARY KEY (`pos_level_id`)
) ENGINE=InnoDB DEFAULT CHARSET=utf8 COLLATE=utf8_unicode_ci;

-- ----------------------------
-- Records of pos_level
-- ----------------------------
INSERT INTO `pos_level` VALUES ('1', 'ปฎิบัติงาน', '1');
INSERT INTO `pos_level` VALUES ('2', 'ชำนาญงาน', '1');
INSERT INTO `pos_level` VALUES ('3', 'อาวุโส', '1');
INSERT INTO `pos_level` VALUES ('4', 'ทักษะพิเศษ', '1');
INSERT INTO `pos_level` VALUES ('5', 'ปฎิบัติการ', '2');
INSERT INTO `pos_level` VALUES ('6', 'ชำนาญการ', '2');
INSERT INTO `pos_level` VALUES ('7', 'ชำนาญการพิเศษ', '2');
INSERT INTO `pos_level` VALUES ('8', 'เชี่ยวชาญ', '2');
INSERT INTO `pos_level` VALUES ('9', 'ทรงคุณวุฒิ', '2');
INSERT INTO `pos_level` VALUES ('10', 'อำนวยการระดับต้น', '3');
INSERT INTO `pos_level` VALUES ('11', 'อำนวยการระดับสูง', '3');
INSERT INTO `pos_level` VALUES ('12', 'บริหารระดับต้น', '4');
INSERT INTO `pos_level` VALUES ('13', 'บริหารระดับสูง', '4');

-- ----------------------------
-- Table structure for pos_type
-- ----------------------------
DROP TABLE IF EXISTS `pos_type`;
CREATE TABLE `pos_type` (
  `pos_type_id` int(25) NOT NULL AUTO_INCREMENT COMMENT 'รหัสประเภทตำแหน่ง',
  `pos_type_name` varchar(255) DEFAULT NULL COMMENT 'ชื่อประเภทตำแหน่ง',
  PRIMARY KEY (`pos_type_id`)
) ENGINE=InnoDB AUTO_INCREMENT=8 DEFAULT CHARSET=utf8;

-- ----------------------------
-- Records of pos_type
-- ----------------------------
INSERT INTO `pos_type` VALUES ('1', 'ลูกจ้างประจำ');
INSERT INTO `pos_type` VALUES ('2', 'ลูกจ้างชั่วคราวรายวัน');
INSERT INTO `pos_type` VALUES ('3', 'ลูกจ้างชั่วคราวรายเดือน');
INSERT INTO `pos_type` VALUES ('4', 'พนักงานจ้างเหมา');
INSERT INTO `pos_type` VALUES ('5', 'พนักงานกระทรวงสาธารณสุข');
INSERT INTO `pos_type` VALUES ('6', 'พนักงานราชการ');
INSERT INTO `pos_type` VALUES ('7', 'ข้าราชการ');

-- ----------------------------
-- Table structure for position
-- ----------------------------
DROP TABLE IF EXISTS `position`;
CREATE TABLE `position` (
  `pos_id` int(25) NOT NULL AUTO_INCREMENT,
  `pos_name` varchar(255) COLLATE utf8_unicode_ci DEFAULT NULL,
  PRIMARY KEY (`pos_id`)
) ENGINE=InnoDB AUTO_INCREMENT=40 DEFAULT CHARSET=utf8 COLLATE=utf8_unicode_ci;

-- ----------------------------
-- Records of position
-- ----------------------------
INSERT INTO `position` VALUES ('1', 'นายแพทย์');
INSERT INTO `position` VALUES ('2', 'ทันตแพทย์');
INSERT INTO `position` VALUES ('3', 'เภสัชกร');
INSERT INTO `position` VALUES ('4', 'นักวิชาการสาธารณสุข');
INSERT INTO `position` VALUES ('5', 'นักวิเคราะห์นโยบายและแผน');
INSERT INTO `position` VALUES ('6', 'นักวิชาการสาธารณสุข (ด้านบริหารสาธารณสุข)');
INSERT INTO `position` VALUES ('8', 'นักจัดการงานทั่วไป\r');
INSERT INTO `position` VALUES ('9', 'นักวิชาการเงินและบัญชี\r');
INSERT INTO `position` VALUES ('10', 'นักวิชาการพัสดุ\r');
INSERT INTO `position` VALUES ('11', 'นักวิชาการคอมพิวเตอร์ ');
INSERT INTO `position` VALUES ('12', 'พยาบาลวิชาชีพ');
INSERT INTO `position` VALUES ('13', 'นิติกร ');
INSERT INTO `position` VALUES ('14', 'นักทรัพยากรบุคคล\r');
INSERT INTO `position` VALUES ('15', 'แพทย์แผนไทย ');
INSERT INTO `position` VALUES ('16', 'นักรังสีการแพทย์ ');
INSERT INTO `position` VALUES ('17', 'นักกายภาพบำบัด');
INSERT INTO `position` VALUES ('18', 'นักวิทยาศาสตร์การแพทย์ ');
INSERT INTO `position` VALUES ('19', 'นักโภชนาการ');
INSERT INTO `position` VALUES ('20', 'พยาบาลเทคนิค');
INSERT INTO `position` VALUES ('21', 'จพ.การเงินและบัญชี');
INSERT INTO `position` VALUES ('22', 'จพ.ธุรการ');
INSERT INTO `position` VALUES ('23', 'จพ.พัสดุ');
INSERT INTO `position` VALUES ('24', 'นายช่างเทคนิค');
INSERT INTO `position` VALUES ('25', 'จพ.โสตทัศนศึกษา');
INSERT INTO `position` VALUES ('26', 'จพ.วิทยาศาสตร์การแพทย์\r');
INSERT INTO `position` VALUES ('27', 'จพ.ทันตสาธารณสุข');
INSERT INTO `position` VALUES ('28', 'จพ.เภสัชกรรม\r');
INSERT INTO `position` VALUES ('29', 'จพ.รังสีการแพทย์');
INSERT INTO `position` VALUES ('30', 'ช่างกายอุปกรณ์');
INSERT INTO `position` VALUES ('31', 'จพ.เวชกรรมฟื้นฟู\r');
INSERT INTO `position` VALUES ('32', 'จพ.เวชสถิติ ');
INSERT INTO `position` VALUES ('33', 'จพ.สาธารณสุข');
INSERT INTO `position` VALUES ('34', 'จพ.สาธารณสุข(เวชกิจฉุกเฉิน)');
INSERT INTO `position` VALUES ('35', 'จพ.ฉุกเฉินการแพทย์');
INSERT INTO `position` VALUES ('36', 'จพ.ห้องสมุด ');
INSERT INTO `position` VALUES ('37', 'นวก.โสตทัศนศึกษา ');
INSERT INTO `position` VALUES ('38', 'จพ.โสตทัศนศึกษา ');
INSERT INTO `position` VALUES ('39', 'นักประชาสัมพันธ์');

-- ----------------------------
-- Table structure for sex
-- ----------------------------
DROP TABLE IF EXISTS `sex`;
CREATE TABLE `sex` (
  `sex_id` int(25) NOT NULL,
  `sex_name` varchar(255) COLLATE utf8_unicode_ci DEFAULT NULL,
  PRIMARY KEY (`sex_id`)
) ENGINE=InnoDB DEFAULT CHARSET=utf8 COLLATE=utf8_unicode_ci;

-- ----------------------------
-- Records of sex
-- ----------------------------
INSERT INTO `sex` VALUES ('1', 'ชาย');
INSERT INTO `sex` VALUES ('2', 'หญิง');

-- ----------------------------
-- Table structure for user
-- ----------------------------
DROP TABLE IF EXISTS `user`;
CREATE TABLE `user` (
  `cid` varchar(13) COLLATE utf8_unicode_ci NOT NULL,
  `full_name` varchar(255) COLLATE utf8_unicode_ci NOT NULL,
  `username` varchar(50) COLLATE utf8_unicode_ci NOT NULL,
  `password` varchar(33) COLLATE utf8_unicode_ci NOT NULL,
  `user_type` varchar(100) COLLATE utf8_unicode_ci NOT NULL,
  `update` timestamp NOT NULL DEFAULT CURRENT_TIMESTAMP ON UPDATE CURRENT_TIMESTAMP,
  PRIMARY KEY (`cid`)
) ENGINE=InnoDB DEFAULT CHARSET=utf8 COLLATE=utf8_unicode_ci;

-- ----------------------------
-- Records of user
-- ----------------------------
INSERT INTO `user`(`cid`,`full_name`,`username`,`password`,`user_type`) VALUES ('3320200524765', 'pwan', 'ppp', 'ppp', 'admin');
INSERT INTO `user`(`cid`,`full_name`,`username`,`password`,`user_type`) VALUES ('3320200524766', 'ประเสริฐ ดีเสมอ', 'p', 'p', 'admin');
INSERT INTO `user`(`cid`,`full_name`,`username`,`password`,`user_type`) VALUES ('3320200524799', 'pwan jai', 'jai', 'jai', 'admin');
INSERT INTO `user`(`cid`,`full_name`,`username`,`password`,`user_type`) VALUES ('3333333333333', 'p3333', 'p3', 'p3', 'admin');
INSERT INTO `user`(`cid`,`full_name`,`username`,`password`,`user_type`) VALUES ('3361200362987', 'พรมมา หงษ์แปลง', 'bhomma', '1234', 'admin');

